id_cliente;recencia;frecuencia;monto;afinidad_promociones;afinidad_medicamentos;segmento
1;170;5;337.55;0.32084135683602427;0.0;Esporádicos Recientes
2;128;5;211.37;0.9489047641576382;0.24719685858920376;Cazadores de Ofertas
3;179;5;502.37999999999994;0.853099247581512;0.011365898323977866;Cazadores de Ofertas
4;212;6;493.15;0.06957315218493358;0.05367535232687824;Esporádicos Recientes
5;381;1;102.96;1.0;0.0;Cazadores de Ofertas
6;441;2;109.69999999999999;0.8170464904284412;0.0;Cazadores de Ofertas
7;217;4;160.41;0.06421046069447042;0.0;Esporádicos Recientes
8;131;9;664.81;0.2876009686978235;0.0;Esporádicos Recientes
9;701;5;362.0;0.0;0.0;Esporádicos / Desertores
10;173;3;123.42;0.679468481607519;0.0;Cazadores de Ofertas
11;160;4;154.23;0.5919081890682747;0.06892303702262856;Cazadores de Ofertas
12;11;6;814.09;0.0;0.07200678057708607;Esporádicos Recientes
13;0;24;2002.7;0.1506066809806761;0.06672991461526938;Frecuentes Regulares
14;26;5;320.27;0.7726605676460486;0.2240921722296812;Cazadores de Ofertas
15;600;1;45.470000000000006;1.0;0.0;Cazadores de Ofertas
16;53;5;271.1;0.06624861674658795;0.0;Esporádicos Recientes
18;233;3;199.65;0.5188580015026296;0.393939393939394;En Riesgo (Solo Medicamentos)
19;157;25;2157.38;0.41942541415976786;0.038922211200622975;Frecuentes Regulares
20;691;8;1000.47;0.869701240417004;0.030615610662988398;Cazadores de Ofertas
21;676;55;3797.24;0.4156861299259462;0.049196258335001214;Leales VIP / Crónicos
22;12;33;1765.47;0.29572295196180054;0.08634527916079004;Frecuentes Regulares
24;537;2;132.37;1.0;0.0;Cazadores de Ofertas
25;21;26;1916.63;0.3283106285511549;0.10512201102977621;Frecuentes Regulares
26;0;79;8535.63;0.3101481671534497;0.0385712595321025;Leales VIP / Crónicos
27;283;8;944.77;0.27932724366777095;0.011399599902621802;Esporádicos Recientes
28;5;48;4736.93;0.2784335001783856;0.03978737283430408;Leales VIP / Crónicos
29;188;6;328.24;0.535857908847185;0.0;Cazadores de Ofertas
30;3;35;4088.15;0.1850372417841811;0.009004072746841481;Frecuentes Regulares
31;345;27;2266.16;0.5873857097468846;0.01564320259822784;Frecuentes Regulares
32;5;96;7220.54;0.17814734078060643;0.04965279605126486;Leales VIP / Crónicos
33;4;63;5885.27;0.4779848673043038;0.046351314383197374;Leales VIP / Crónicos
34;178;5;240.82999999999998;0.0;0.1712826475106922;Esporádicos Recientes
35;152;6;494.76;0.0;0.11769342711617754;Esporádicos Recientes
36;3;3;223.17;0.0;0.31402070170721874;Esporádicos Recientes
37;67;31;2463.92;0.5549896100522744;0.13131919867528166;Frecuentes Regulares
38;544;6;361.26;0.0;0.01525217295022975;Esporádicos / Desertores
39;219;14;2059.89;0.4640587604192457;0.015466845316982947;Frecuentes Regulares
40;661;3;311.05;0.0;0.29191448320205754;Esporádicos / Desertores
41;169;7;551.88;0.0;0.0;Esporádicos Recientes
42;110;4;266.6;1.0;0.0;Cazadores de Ofertas
43;424;3;234.26999999999998;0.0;0.415588850471678;En Riesgo (Solo Medicamentos)
44;134;5;412.46000000000004;0.08265043883043205;0.16772535518595744;Esporádicos Recientes
45;628;3;480.88;0.0;0.0;Esporádicos / Desertores
46;22;30;2283.47;0.42963997775315643;0.027204211134807994;Frecuentes Regulares
47;162;6;524.66;0.29373308428315487;0.08418785499180423;Esporádicos Recientes
48;579;2;31.07;0.4135822336659157;0.0;Esporádicos / Desertores
49;499;9;524.0;0.1192557251908397;0.11727099236641221;Esporádicos / Desertores
50;669;2;126.64;1.0;0.05551168667087807;Cazadores de Ofertas
51;9;6;672.78;0.0;0.20601088022830646;Esporádicos Recientes
52;78;5;381.91;0.8619831897567489;0.1742033463381425;Cazadores de Ofertas
53;394;1;11.75;0.0;0.0;Esporádicos / Desertores
54;5;7;493.6;0.0;0.13833063209076174;Esporádicos Recientes
55;360;4;239.38;0.879313225833403;0.0;Cazadores de Ofertas
56;308;1;20.380000000000003;1.0;0.0;Cazadores de Ofertas
58;521;6;397.48;0.872597363389353;0.04188890007044379;Cazadores de Ofertas
59;13;28;2567.61;0.5147199146287792;0.010507826344343572;Frecuentes Regulares
60;303;10;353.69000000000005;1.0;0.008595097401679436;Cazadores de Ofertas
61;454;4;472.75;0.1234056054997356;0.0;Esporádicos / Desertores
62;719;1;80.69000000000001;1.0;0.0;Cazadores de Ofertas
63;126;6;970.4200000000001;0.0;0.0;Esporádicos Recientes
64;315;5;209.34;1.0;0.0;Cazadores de Ofertas
65;136;1;7.8;0.0;0.0;Esporádicos Recientes
66;134;7;787.14;0.0;0.16150875320781563;Esporádicos Recientes
68;58;5;232.84;0.0;0.09762068373131765;Esporádicos Recientes
69;149;2;266.5;0.0;0.019887429643527205;Esporádicos Recientes
70;558;6;266.89;0.2335793772715351;0.5290943834538574;En Riesgo (Solo Medicamentos)
71;137;28;1940.3;0.6435087357625109;0.06601556460341185;Frecuentes Regulares
72;213;3;160.91;0.12510098813001055;0.0;Esporádicos Recientes
73;20;5;308.86;0.0;0.0;Esporádicos Recientes
74;417;4;189.01000000000002;0.16353632082958575;0.3580233850060843;Esporádicos / Desertores
75;29;4;205.53;0.0;0.0;Esporádicos Recientes
76;559;3;97.08;0.0;0.032756489493201486;Esporádicos / Desertores
78;131;1;30.97;0.0;0.0;Esporádicos Recientes
79;387;1;30.96;1.0;0.0;Cazadores de Ofertas
80;29;25;1821.27;0.466696316306753;0.050316537361291845;Frecuentes Regulares
81;7;32;2804.43;0.17313678715460895;0.06865922843501175;Frecuentes Regulares
82;205;4;288.48;0.12170687742651136;0.0;Esporádicos Recientes
83;295;7;514.21;0.6040722661947453;0.0;Cazadores de Ofertas
84;517;28;2325.96;0.38326540439216494;0.07113621902354297;Esporádicos / Desertores
85;38;32;2735.27;0.11238378660973139;0.09341673765295565;Frecuentes Regulares
86;691;8;371.4;0.3453150242326333;0.15304254173397955;Esporádicos / Desertores
87;124;32;1560.29;0.27550647636016384;0.09207903658935197;Frecuentes Regulares
88;443;4;90.63000000000001;0.0;0.0;Esporádicos / Desertores
89;107;9;717.46;0.3203105399604159;0.0;Esporádicos Recientes
90;604;66;5217.62;0.36056094541189276;0.08702243551657653;Leales VIP / Crónicos
91;399;3;140.52;1.0;0.0;Cazadores de Ofertas
92;156;2;65.80000000000001;0.0;0.7373860182370819;En Riesgo (Solo Medicamentos)
93;97;16;969.25;0.4023523342790818;0.13608460149600207;Esporádicos Recientes
94;307;5;766.97;0.0969399063848651;0.03678109965187686;Esporádicos / Desertores
95;29;35;2338.94;0.5690483723396068;0.07755222451195841;Frecuentes Regulares
96;59;1;79.91;0.0;0.0;Esporádicos Recientes
97;241;1;462.42;1.0;0.0;Cazadores de Ofertas
98;0;6;500.36;0.043888400351746744;0.0;Esporádicos Recientes
99;29;5;298.53;0.3720564097410646;0.5192777945265133;En Riesgo (Solo Medicamentos)
100;14;6;521.72;0.3274361726596641;0.015468067162462623;Esporádicos Recientes
101;58;21;1956.42;0.10410341337749564;0.044238967092955495;Frecuentes Regulares
103;224;9;685.06;0.11889469535515139;0.0;Esporádicos Recientes
104;16;33;2172.66;0.08456914565555586;0.08709139948266181;Frecuentes Regulares
105;21;45;3776.84;0.4707665667595132;0.06345251585981931;Frecuentes Regulares
106;183;5;262.4;0.9678734756097561;0.0;Cazadores de Ofertas
107;403;2;52.32000000000001;1.0;0.0;Cazadores de Ofertas
108;22;69;5319.12;0.1603423122621787;0.11748935914211373;Leales VIP / Crónicos
109;15;2;157.32;0.0;0.0;Esporádicos Recientes
110;603;6;551.3199999999999;1.0;0.0461982151926286;Cazadores de Ofertas
111;402;5;421.96999999999997;0.0;0.10825414128966515;Esporádicos / Desertores
112;3;95;6631.49;0.44969682529868854;0.046084665738770625;Leales VIP / Crónicos
113;485;1;8.6;0.0;0.0;Esporádicos / Desertores
114;7;26;1153.17;0.48297302219100396;0.10639368002983081;Frecuentes Regulares
115;272;2;44.04;0.0;0.0;Esporádicos Recientes
116;165;11;481.2;0.05521612635078969;0.062032418952618455;Esporádicos Recientes
117;349;3;273.93000000000006;0.9614500054758512;0.0;Cazadores de Ofertas
118;468;3;101.06;0.24124282604393432;0.19730852958638434;Esporádicos / Desertores
119;20;23;1396.22;0.37216198020369284;0.04040194238730286;Frecuentes Regulares
120;432;2;58.56;0.3908811475409836;0.0;Esporádicos / Desertores
121;167;2;162.04000000000002;0.0;0.5725746729202665;En Riesgo (Solo Medicamentos)
122;20;2;58.47;0.29502308876346844;0.0;Esporádicos Recientes
123;102;13;1625.96;0.23931093015818347;0.03284213633791729;Frecuentes Regulares
124;0;13;2755.24;0.12078802572552665;0.019294144974666454;Frecuentes Regulares
125;321;3;258.61;0.13553226866710488;0.0;Esporádicos / Desertores
126;259;3;435.74;0.0;0.0;Esporádicos Recientes
127;8;35;2028.73;0.2981126123239662;0.03533737855702829;Frecuentes Regulares
128;233;2;167.62;0.4451736069681422;0.0;Esporádicos Recientes
129;92;6;626.58;0.24105461393596989;0.07986210858948578;Esporádicos Recientes
130;239;2;89.47000000000001;0.7683022242092321;0.0;Cazadores de Ofertas
132;72;4;280.67;0.8193608151922186;0.13656607403712545;Cazadores de Ofertas
134;195;2;11.36;0.0;0.0;Esporádicos Recientes
135;521;1;151.85;0.0;0.0;Esporádicos / Desertores
136;105;5;398.96;0.6792159614998998;0.333592340084219;Cazadores de Ofertas
137;333;5;313.31;0.6796463566435799;0.0;Cazadores de Ofertas
138;5;39;3053.4700000000003;0.4270125463816576;0.03832361215273115;Frecuentes Regulares
139;24;4;326.07;0.033367068420891224;0.033367068420891224;Esporádicos Recientes
140;192;93;6229.38;0.4618100035637575;0.06826682591204902;Leales VIP / Crónicos
141;8;36;1639.09;0.19584037484213804;0.02214643491205486;Frecuentes Regulares
142;644;4;305.4;0.6966928618205633;0.0;Cazadores de Ofertas
143;556;7;844.0799999999999;0.22701639655009007;0.0;Esporádicos / Desertores
145;577;2;144.85999999999999;1.0;0.0;Cazadores de Ofertas
146;5;6;588.81;0.14279648783138874;0.012329953635298315;Esporádicos Recientes
148;255;21;1828.24;0.5318338948934495;0.009194635277644072;Frecuentes Regulares
149;587;2;80.1;1.0;0.18439450686641698;Cazadores de Ofertas
150;2;74;5912.22;0.3551187202100057;0.04485962971607958;Leales VIP / Crónicos
151;168;41;2700.98;0.36063206687942895;0.12372916496975171;Frecuentes Regulares
152;378;4;172.92999999999998;0.9402648470479384;0.5675706933441276;En Riesgo (Solo Medicamentos)
153;409;5;172.14;0.3580225397931916;0.0;Esporádicos / Desertores
154;10;8;708.13;0.8599127278889469;0.017567395817152217;Cazadores de Ofertas
155;257;6;325.32;0.5196114594860446;0.29232755440796754;Cazadores de Ofertas
156;332;6;229.32999999999998;0.5658657829328916;0.09837352287097197;Cazadores de Ofertas
157;19;34;1576.33;0.30429542037517526;0.1024087595871423;Frecuentes Regulares
158;29;7;426.96000000000004;0.29759228030728874;0.3367997002061083;Esporádicos Recientes
159;442;3;245.94;0.0;0.0;Esporádicos / Desertores
160;581;1;15.8;1.0;0.0;Cazadores de Ofertas
161;134;12;804.67;0.5004536020977544;0.026010662756160912;Esporádicos Recientes
162;3;42;2329.4900000000002;0.32680114531506893;0.12318576169032705;Frecuentes Regulares
163;709;1;221.05;1.0;0.0;Cazadores de Ofertas
164;87;4;286.28;0.881095431046528;0.04956685762190862;Cazadores de Ofertas
165;260;40;2100.1800000000003;0.4025178794198592;0.08907807902179812;Frecuentes Regulares
166;21;6;407.39;0.20641154667517614;0.04784113503031493;Esporádicos Recientes
167;155;3;379.93;0.0;0.0;Esporádicos Recientes
168;31;1;10.27;0.0;0.0;Esporádicos Recientes
169;1;83;7901.18;0.3640038576516419;0.07350927329841872;Leales VIP / Crónicos
170;493;6;447.96000000000004;0.03524868291811768;0.0;Esporádicos / Desertores
171;81;45;2567.72;0.2507750066206596;0.06809543096599319;Frecuentes Regulares
172;22;107;7869.09;0.2657333948398099;0.034042055688777224;Leales VIP / Crónicos
173;109;5;786.0;0.04946564885496184;0.011755725190839693;Esporádicos Recientes
174;279;2;122.66999999999999;0.0;0.0;Esporádicos Recientes
176;136;4;51.910000000000004;0.0;0.0;Esporádicos Recientes
177;592;16;1375.23;0.49348109043578164;0.11838019822138843;Esporádicos / Desertores
178;29;11;847.86;0.6216592361946548;0.0;Esporádicos Recientes
179;618;2;402.03;0.0;0.0;Esporádicos / Desertores
180;181;5;364.75;0.18122001370801918;0.0;Esporádicos Recientes
181;310;2;246.02;0.0;0.0;Esporádicos / Desertores
182;344;23;1300.17;0.5001576716890868;0.06639131805840774;Frecuentes Regulares
183;5;17;1186.0;0.5262225969645868;0.05039629005059022;Frecuentes Regulares
184;391;1;198.32;1.0;0.0;Cazadores de Ofertas
185;48;34;3044.02;0.13336311850776275;0.03390253677702512;Frecuentes Regulares
186;550;3;220.53;0.28771595701265135;0.0;Esporádicos / Desertores
187;25;6;292.27;0.6325999931570123;0.047182399835768295;Cazadores de Ofertas
188;401;3;222.87;1.0;0.0;Cazadores de Ofertas
189;77;5;180.13;0.7738300116582469;0.0;Cazadores de Ofertas
190;195;6;232.19;0.7014513975623412;0.0;Cazadores de Ofertas
191;24;27;1649.8700000000001;0.08178826210549921;0.11977913411359682;Frecuentes Regulares
192;271;2;81.01;0.6426367115170967;0.0;Cazadores de Ofertas
193;81;6;209.25000000000003;0.36243727598566305;0.0;Esporádicos Recientes
194;520;3;244.51;1.0;0.0;Cazadores de Ofertas
195;698;6;343.6;0.03984284051222351;0.09775902211874272;Esporádicos / Desertores
196;459;10;1154.03;0.5805654965642141;0.03478245799502613;Cazadores de Ofertas
198;274;2;84.2;1.0;0.0;Cazadores de Ofertas
199;1;6;124.18;0.0;0.2510871315831857;Esporádicos Recientes
200;57;2;35.31;0.0;1.0;En Riesgo (Solo Medicamentos)
201;652;9;536.63;0.5388815384902074;0.0901365931833852;Esporádicos / Desertores
202;153;17;1050.02;0.6283023180510847;0.06208453172320527;Cazadores de Ofertas
203;176;21;1554.44;0.8430045546949384;0.11000746249453179;Cazadores de Ofertas
204;145;4;152.57999999999998;0.3755406999606764;0.2228339231878359;Esporádicos Recientes
205;7;35;2351.81;0.5103643576649475;0.0651965932622108;Frecuentes Regulares
206;150;8;393.67;0.3517667081565779;0.02606243808265806;Esporádicos Recientes
207;242;3;309.34000000000003;0.0;0.2121937027219241;Esporádicos Recientes
208;528;1;23.83;0.0;1.0;En Riesgo (Solo Medicamentos)
209;8;23;1823.53;0.1547657565271753;0.07113126737701053;Frecuentes Regulares
210;11;7;264.63;0.07860030986660621;0.0;Esporádicos Recientes
211;511;4;437.34000000000003;0.20261124068230665;0.2739058855810125;Esporádicos / Desertores
212;13;25;1646.17;0.3381485508787063;0.06427039734656809;Frecuentes Regulares
213;558;2;110.89999999999999;0.0;0.0;Esporádicos / Desertores
214;169;11;661.04;0.5441274355560934;0.2660202105772722;Cazadores de Ofertas
215;87;7;285.4;0.04996496145760337;0.00795374912403644;Esporádicos Recientes
216;127;4;267.04;0.0;0.0;Esporádicos Recientes
218;66;6;725.01;0.6515496337981546;0.0;Cazadores de Ofertas
219;363;1;62.6;0.0;0.0;Esporádicos / Desertores
220;146;13;1552.06;0.0;0.0752097212736621;Esporádicos Recientes
221;612;6;554.93;0.2843962301551547;0.0;Esporádicos / Desertores
222;134;4;171.82999999999998;0.0;0.0;Esporádicos Recientes
223;163;4;472.41999999999996;0.0;0.042250539773929986;Esporádicos Recientes
224;60;3;179.63;0.03930301174636753;0.03930301174636753;Esporádicos Recientes
225;274;1;318.87;0.0;0.0;Esporádicos Recientes
226;28;7;901.6299999999999;0.03983895833102271;0.0;Esporádicos Recientes
227;496;5;218.92;0.09085510688836106;0.07317741640782022;Esporádicos / Desertores
228;14;54;5487.69;0.26766089192355985;0.051083424901916835;Leales VIP / Crónicos
229;14;4;315.75;0.0;0.0;Esporádicos Recientes
230;437;2;614.29;0.47270832994188416;0.0;Esporádicos / Desertores
231;315;2;913.51;0.011439393110091843;0.0;Esporádicos / Desertores
232;134;3;567.17;0.11305252393462277;0.03942380591357089;Esporádicos Recientes
233;17;29;2905.38;0.1749960418258541;0.017002939374539647;Frecuentes Regulares
234;658;26;1500.98;0.5999613585790616;0.04167943610174686;Esporádicos / Desertores
235;679;6;370.76;0.0;0.048845614413636856;Esporádicos / Desertores
236;17;39;3153.01;0.4360943986857003;0.04544229165146955;Frecuentes Regulares
237;525;3;222.62;1.0;0.031219117779175274;Cazadores de Ofertas
238;37;90;6166.75;0.5564568046377752;0.05481007013418738;Leales VIP / Crónicos
239;459;1;29.5;0.0;0.0;Esporádicos / Desertores
240;107;14;975.9100000000001;0.5799305263805064;0.07153323564672971;Frecuentes Regulares
241;66;8;410.92;0.3687335734449528;0.07548914630585028;Esporádicos Recientes
242;136;3;241.7;0.0;0.0;Esporádicos Recientes
243;15;83;5915.11;0.2587931585380492;0.09975300543861398;Leales VIP / Crónicos
244;9;20;1426.98;0.2728069068942802;0.09688292758132559;Frecuentes Regulares
246;446;2;102.99000000000001;0.9020293232352655;0.0;Cazadores de Ofertas
247;485;3;152.38;0.0;0.381414883843024;Esporádicos / Desertores
248;0;78;6749.17;0.3832900934485277;0.039425588627934986;Leales VIP / Crónicos
249;121;36;3908.06;0.48581393325588657;0.040777265446282816;Frecuentes Regulares
250;236;7;356.34999999999997;0.5159253542865161;0.0;Cazadores de Ofertas
251;2;5;260.88;0.0;0.0;Esporádicos Recientes
252;97;3;232.69;0.0;0.4955949976363402;En Riesgo (Solo Medicamentos)
253;40;1;9.48;1.0;0.0;Cazadores de Ofertas
254;1;21;942.27;0.38744733462807907;0.08907213431394399;Frecuentes Regulares
255;32;14;663.53;0.12525432158304825;0.07844407939354664;Esporádicos Recientes
256;541;7;473.25;0.0;0.01728473322768093;Esporádicos / Desertores
257;168;4;363.37;0.0;0.12466631807799212;Esporádicos Recientes
258;708;2;112.08;1.0;0.3283369022127052;Cazadores de Ofertas
259;543;3;146.67000000000002;0.0;0.11658825935774186;Esporádicos / Desertores
260;218;6;566.22;0.9076860584225214;0.2791847691709936;Cazadores de Ofertas
261;19;32;2374.9900000000002;0.20928509172670198;0.13386161625943688;Frecuentes Regulares
263;295;4;297.39;0.685160899828508;0.0;Cazadores de Ofertas
264;44;7;360.88;0.36591110618488143;0.04042895145200621;Esporádicos Recientes
265;80;6;307.79;0.0;0.12960135157087624;Esporádicos Recientes
266;66;8;608.92;0.2007981344018919;0.0;Esporádicos Recientes
267;523;1;86.17;0.0;0.0;Esporádicos / Desertores
268;96;5;398.5;0.7548557089084065;0.0;Cazadores de Ofertas
269;9;30;2376.44;0.48117772803016273;0.05774183232061403;Frecuentes Regulares
270;423;4;142.0;0.0;0.24830985915492956;Esporádicos / Desertores
272;80;4;121.82;0.7599737317353472;0.274995895583648;Cazadores de Ofertas
273;0;20;1224.04;0.3183801182967877;0.04066043593346622;Frecuentes Regulares
274;607;1;36.62;0.0;0.0;Esporádicos / Desertores
275;604;3;195.74;0.0;0.8231838152651476;En Riesgo (Solo Medicamentos)
276;385;3;83.04;0.6416184971098265;0.0;Cazadores de Ofertas
278;55;11;536.11;0.0932830948872433;0.0753949749118651;Esporádicos Recientes
279;365;4;510.93000000000006;0.8261797115064686;0.0;Cazadores de Ofertas
280;609;1;40.96;0.0;0.0;Esporádicos / Desertores
281;9;66;6449.46;0.21273563988302896;0.041018938019617146;Leales VIP / Crónicos
282;298;2;44.47;0.0;0.0;Esporádicos Recientes
283;367;38;3070.0499999999997;0.5527304115568151;0.02780410742496051;Frecuentes Regulares
285;704;2;44.85;1.0;0.0;Cazadores de Ofertas
286;108;3;521.34;0.5685924732420301;0.0;Cazadores de Ofertas
287;617;3;497.87;1.0;0.0;Cazadores de Ofertas
288;655;6;248.73000000000002;0.6802556989506694;0.2259076106621638;Cazadores de Ofertas
289;7;64;4812.06;0.1577141598400685;0.07366491689629805;Leales VIP / Crónicos
290;694;2;337.67;0.7881067314241715;0.0;Cazadores de Ofertas
291;148;5;599.79;0.09119858617182681;0.016922589573017226;Esporádicos Recientes
292;662;1;3.23;0.0;1.0;En Riesgo (Solo Medicamentos)
293;119;8;561.86;0.22525184209589574;0.21222368561563376;Esporádicos Recientes
294;529;9;1024.41;0.2879315898907664;0.06094239611093214;Esporádicos / Desertores
295;11;14;541.4300000000001;0.5194577323014978;0.08787839609921873;Esporádicos Recientes
296;204;5;277.1;0.7504150126308191;0.17744496571634788;Cazadores de Ofertas
297;370;3;337.71;0.9682567883687186;0.01655266352787895;Cazadores de Ofertas
298;365;10;1217.61;0.217672325292992;0.00859881242762461;Esporádicos / Desertores
299;23;39;2675.08;0.19434932787056836;0.0953878014863107;Frecuentes Regulares
301;369;3;232.49000000000007;1.0;0.0;Cazadores de Ofertas
302;7;2;130.95;0.0;0.0;Esporádicos Recientes
303;256;7;463.23999999999995;0.0;0.16371643208703915;Esporádicos Recientes
304;511;5;320.13;1.0;0.0;Cazadores de Ofertas
305;46;33;2841.44;0.31921490511853146;0.0540395010980348;Frecuentes Regulares
306;15;34;1947.43;0.20197901850130684;0.1123942837483247;Frecuentes Regulares
307;569;4;211.52;0.0;0.30796142208774585;Esporádicos / Desertores
308;118;14;937.22;0.320789142357184;0.0794050489746271;Esporádicos Recientes
309;9;15;688.46;0.7087412485837957;0.03486041309589519;Cazadores de Ofertas
310;1;13;836.17;0.6907447050240979;0.0681440376956839;Cazadores de Ofertas
311;199;1;19.22;0.0;0.0;Esporádicos Recientes
312;128;3;334.32;1.0;0.0;Cazadores de Ofertas
313;3;31;1844.43;0.16477177230906026;0.039312958474976005;Frecuentes Regulares
314;192;13;1047.54;0.3265269106668958;0.01955056608816847;Esporádicos Recientes
315;2;5;205.57;0.37558982341781394;0.45196283504402396;En Riesgo (Solo Medicamentos)
316;34;53;3149.91;0.2519945014301996;0.08394208088485067;Frecuentes Regulares
317;31;5;692.7999999999998;0.9275115473441108;0.015155889145496539;Cazadores de Ofertas
318;276;34;3240.48;0.49773798943366415;0.05148311361279811;Frecuentes Regulares
319;610;2;62.959999999999994;0.0;0.17439644218551464;Esporádicos / Desertores
320;390;2;41.379999999999995;1.0;0.0;Cazadores de Ofertas
321;16;28;2719.42;0.1389965507350832;0.04221856131086776;Frecuentes Regulares
322;82;26;1671.43;0.05166833190740863;0.023758099352051837;Frecuentes Regulares
323;170;8;561.5699999999999;0.0;0.0;Esporádicos Recientes
324;9;6;281.32;0.0;0.14353760841746055;Esporádicos Recientes
325;115;4;423.98;0.4042643520920797;0.0;Esporádicos Recientes
326;3;22;1526.99;0.19315778099398162;0.11182784432118088;Frecuentes Regulares
327;8;20;1152.82;0.6056713103520064;0.08494821394493504;Frecuentes Regulares
328;57;7;624.23;0.8950867468721465;0.15157874501385707;Cazadores de Ofertas
329;165;2;81.77000000000001;0.0;0.4022257551669316;Esporádicos Recientes
330;324;34;2338.17;0.49153825427577974;0.06331874927828174;Frecuentes Regulares
331;649;1;155.46;0.0;0.0;Esporádicos / Desertores
332;5;7;519.16;0.0;0.22582633484860162;Esporádicos Recientes
333;176;2;26.04;0.24078341013824883;0.0;Esporádicos Recientes
334;607;1;27.67;1.0;0.0;Cazadores de Ofertas
335;199;2;67.47999999999999;0.0;0.0;Esporádicos Recientes
336;21;1;39.9;0.0;1.0;En Riesgo (Solo Medicamentos)
337;5;81;3904.41;0.37605425659702746;0.1115610297074334;Leales VIP / Crónicos
338;26;3;745.3599999999999;0.2642213158742085;0.030374584093592363;Esporádicos Recientes
339;18;4;192.28;0.0;0.01518618681090077;Esporádicos Recientes
341;104;2;187.27;0.8668767020878945;0.0;Cazadores de Ofertas
342;72;8;997.17;0.06654833177893439;0.010419487148630625;Esporádicos Recientes
343;689;4;132.3;0.92010582010582;0.02169312169312169;Cazadores de Ofertas
344;15;29;2299.41;0.7210284377296785;0.10413540864830544;Frecuentes Regulares
345;702;2;92.32;1.0;0.0;Cazadores de Ofertas
346;221;4;209.31;0.6051311451913429;0.0;Cazadores de Ofertas
347;85;30;2229.82;0.27865029464261687;0.0733108502031554;Frecuentes Regulares
348;537;1;40.92;1.0;0.0;Cazadores de Ofertas
349;22;3;177.05;0.0;0.0;Esporádicos Recientes
350;535;6;159.98;0.39679959994999375;0.5020627578447305;En Riesgo (Solo Medicamentos)
351;4;67;4458.58;0.5469499257611168;0.08519977212475721;Leales VIP / Crónicos
352;126;7;398.75;0.8069467084639498;0.03433228840125392;Cazadores de Ofertas
353;446;3;457.60999999999996;0.9307488909770328;0.0;Cazadores de Ofertas
355;52;8;349.89;0.5307953928377489;0.08591271542484781;Esporádicos Recientes
356;586;2;226.92999999999995;1.0;0.0;Cazadores de Ofertas
357;232;3;389.94;0.9784069344001641;0.10142586038877775;Cazadores de Ofertas
358;316;87;6744.05;0.32293651440899757;0.06951460917401264;Leales VIP / Crónicos
359;85;15;1446.48;0.2576668878933688;0.012596095348708588;Frecuentes Regulares
360;2;54;3817.18;0.4332098564909174;0.09361622978219525;Frecuentes Regulares
361;53;2;151.72;0.7463749011336672;0.0;Cazadores de Ofertas
362;7;6;317.45;0.22271223814773983;0.0;Esporádicos Recientes
363;27;6;696.3;0.15962947005601036;0.0;Esporádicos Recientes
364;218;5;163.82;0.21621291661579783;0.06592601635941889;Esporádicos Recientes
365;207;9;661.38;0.6175118691221386;0.11525900390093442;Cazadores de Ofertas
366;608;1;111.38;1.0;0.0;Cazadores de Ofertas
367;206;4;73.52;0.18280739934711643;0.2359902067464636;Esporádicos Recientes
368;714;1;9.24;0.0;1.0;En Riesgo (Solo Medicamentos)
369;134;1;29.84;0.0;0.0;Esporádicos Recientes
371;72;1;18.7;1.0;0.0;Cazadores de Ofertas
372;74;4;121.95;0.4840508405084051;0.0;Esporádicos Recientes
373;164;1;121.81;0.0;0.0;Esporádicos Recientes
374;613;30;2408.5099999999998;0.4022777567873914;0.0518536356502568;Esporádicos / Desertores
375;16;2;181.07999999999998;0.0;0.0;Esporádicos Recientes
376;107;4;473.48;0.10133479766832813;0.0;Esporádicos Recientes
377;362;8;350.12;1.0;0.3812121558322861;Cazadores de Ofertas
378;60;18;1036.0;0.4800965250965251;0.0;Frecuentes Regulares
379;160;1;151.1;0.0;0.0;Esporádicos Recientes
380;6;57;4689.91;0.3404585589062477;0.0383418871577493;Leales VIP / Crónicos
381;601;19;1497.3899999999999;0.13283780444640342;0.001863242041151604;Esporádicos / Desertores
382;307;9;847.16;0.7438736484253271;0.0;Cazadores de Ofertas
383;33;88;6741.3;0.2861881239523534;0.03409283075964576;Leales VIP / Crónicos
384;57;9;707.77;0.7146671941449906;0.0;Cazadores de Ofertas
385;397;9;682.2;1.0;0.20662562298446202;Cazadores de Ofertas
386;531;3;171.10000000000002;0.0;0.2854471069549971;Esporádicos / Desertores
387;41;6;235.68;0.6592413441955194;0.2458418194161575;Cazadores de Ofertas
389;19;33;2729.83;0.3887897781180514;0.0898700651688933;Frecuentes Regulares
390;651;1;97.9;0.0;0.0;Esporádicos / Desertores
391;322;7;356.5;0.33904628330995795;0.015568022440392706;Esporádicos / Desertores
392;142;14;734.78;0.5137047823838429;0.012969868532077627;Esporádicos Recientes
393;97;30;2235.49;0.4188567159772578;0.024858084804673698;Frecuentes Regulares
394;83;5;154.5;0.2152750809061489;0.30983818770226534;Esporádicos Recientes
395;511;1;30.4;1.0;0.0;Cazadores de Ofertas
396;72;5;167.78;0.07092621289784241;0.4637024675169865;En Riesgo (Solo Medicamentos)
398;374;4;272.84000000000003;0.0;0.0;Esporádicos / Desertores
399;531;6;125.26;0.0;0.0;Esporádicos / Desertores
400;261;4;377.34;0.7024964223246939;0.026607303757884136;Cazadores de Ofertas
401;399;4;72.05;1.0;0.0;Cazadores de Ofertas
402;35;6;368.44;0.2869938117468245;0.0;Esporádicos Recientes
403;79;19;1273.44;0.1992555597436864;0.02109247392888554;Frecuentes Regulares
404;7;32;3618.64;0.25454037981119976;0.05274357217076028;Frecuentes Regulares
405;574;2;51.23;0.0;0.6429826273667772;En Riesgo (Solo Medicamentos)
406;210;5;461.86;0.12759277703200103;0.0;Esporádicos Recientes
407;0;9;827.02;0.12266934294212958;0.07772484341370221;Esporádicos Recientes
408;8;25;1831.95;0.2541499495073556;0.03307404678075275;Frecuentes Regulares
409;145;19;1166.3500000000001;0.07498606764693273;0.2036524199425558;Esporádicos Recientes
410;16;42;2016.01;0.28086170207489053;0.08338748319700796;Frecuentes Regulares
412;50;24;1523.1100000000001;0.6700435293576957;0.0035979016617315885;Frecuentes Regulares
413;25;5;189.33;0.06776527755770347;0.0;Esporádicos Recientes
414;256;2;208.43;0.0;0.0;Esporádicos Recientes
416;132;5;322.83000000000004;0.7976953814701234;0.03311340333921878;Cazadores de Ofertas
417;11;85;5815.42;0.3682846638763838;0.06989520963232233;Leales VIP / Crónicos
418;496;3;168.42000000000002;0.0;0.0;Esporádicos / Desertores
419;182;2;681.6700000000001;0.0;0.0;Esporádicos Recientes
420;707;1;54.45;1.0;0.0;Cazadores de Ofertas
421;431;5;299.3;0.0;0.017474106247911795;Esporádicos / Desertores
422;436;4;38.2;0.0;0.08376963350785341;Esporádicos / Desertores
423;19;71;4784.68;0.30402242156215253;0.09627812100286748;Leales VIP / Crónicos
424;279;4;91.83;0.163672002613525;0.24251333986714582;Esporádicos Recientes
426;375;4;382.75;0.0;0.0;Esporádicos / Desertores
427;9;25;2486.4900000000002;0.17012334656483635;0.06999424892117;Frecuentes Regulares
428;34;11;577.23;0.21611835836668225;0.14455243143980734;Esporádicos Recientes
429;62;4;340.34;0.11229946524064172;0.0;Esporádicos Recientes
430;460;2;78.7;1.0;0.0;Cazadores de Ofertas
431;281;4;145.62;0.6782722153550336;0.02087625326191457;Cazadores de Ofertas
432;202;1;95.21;0.0;0.0;Esporádicos Recientes
433;515;2;496.12;1.0;0.0;Cazadores de Ofertas
434;40;3;103.49000000000001;0.8518697458691661;0.1375012078461687;Cazadores de Ofertas
435;99;17;1410.8799999999999;0.7295021546836018;0.004536176003628941;Frecuentes Regulares
437;498;6;437.98;0.10566692543038494;0.0;Esporádicos / Desertores
438;318;3;143.87;0.773128518801696;0.0;Cazadores de Ofertas
439;90;7;385.45000000000005;0.5604358541963937;0.023997924503826693;Esporádicos Recientes
440;337;5;804.65;0.723444976076555;0.0;Cazadores de Ofertas
441;450;5;182.24;0.8517888498683056;0.0;Cazadores de Ofertas
442;3;5;207.62;0.2538772757923129;0.0;Esporádicos Recientes
443;634;4;176.32999999999998;1.0;0.41637838144388367;Cazadores de Ofertas
444;33;26;1615.64;0.2848406823302221;0.055984006338045594;Frecuentes Regulares
445;461;1;17.48;0.0;0.0;Esporádicos / Desertores
446;83;3;223.08;0.9234803657880581;0.0;Cazadores de Ofertas
447;538;3;71.57000000000001;1.0;0.0;Cazadores de Ofertas
448;519;3;256.24;0.17062129253824537;0.0;Esporádicos / Desertores
449;11;8;472.11;0.6568384486666243;0.0;Cazadores de Ofertas
450;145;1;13.8;0.0;1.0;En Riesgo (Solo Medicamentos)
451;294;2;69.14;0.14246456465143187;0.0;Esporádicos Recientes
452;36;34;3300.9700000000003;0.57926003568648;0.02262668246000418;Frecuentes Regulares
453;232;6;452.63;0.5087820073790955;0.0;Cazadores de Ofertas
454;81;4;202.05;0.17906458797327393;0.0;Esporádicos Recientes
455;48;7;1100.2;0.9715415379021997;0.03812943101254317;Cazadores de Ofertas
456;10;9;455.63;0.27862520027215065;0.17143296095516097;Esporádicos Recientes
457;389;3;167.05;0.2829691709069141;0.0;Esporádicos / Desertores
458;520;5;281.89;1.0;0.0;Cazadores de Ofertas
460;348;1;304.11;1.0;0.0;Cazadores de Ofertas
461;301;34;2717.71;0.5895330995580839;0.09060569376423533;Frecuentes Regulares
462;150;9;786.7;0.7659844921825346;0.0;Cazadores de Ofertas
463;72;1;15.81;0.0;0.0;Esporádicos Recientes
464;553;1;17.85;0.0;0.0;Esporádicos / Desertores
465;165;4;340.07;0.0;0.0;Esporádicos Recientes
466;136;5;80.15;0.660386774797255;0.0;Cazadores de Ofertas
468;381;4;325.5;0.137357910906298;0.138678955453149;Esporádicos / Desertores
470;215;9;1260.4;0.212392891145668;0.0;Esporádicos Recientes
471;147;17;1325.6699999999998;0.8205586609035432;0.10987651527152309;Cazadores de Ofertas
472;1;40;2776.59;0.21470580820358784;0.06973301783842771;Frecuentes Regulares
473;373;27;3056.41;0.520489724873299;0.05194983657297287;Frecuentes Regulares
474;34;22;1072.94;0.063330661546778;0.18237739295766772;Esporádicos Recientes
475;219;1;24.54;0.0;1.0;En Riesgo (Solo Medicamentos)
476;272;1;5.42;0.0;0.0;Esporádicos Recientes
477;12;85;7425.97;0.30677877772196765;0.05431882972864151;Leales VIP / Crónicos
478;2;93;7732.7;0.25378069755712757;0.06605066794263323;Leales VIP / Crónicos
479;166;3;96.95;0.2473439917483239;0.08416709644146467;Esporádicos Recientes
481;73;20;1235.75;0.3113979364758244;0.11028120574549868;Frecuentes Regulares
482;384;6;658.37;0.2109452131780002;0.05437671825872989;Esporádicos / Desertores
483;346;2;188.99;1.0;0.33377427377109903;Cazadores de Ofertas
484;25;2;281.32000000000005;0.0;0.0;Esporádicos Recientes
485;138;1;98.04;1.0;0.0;Cazadores de Ofertas
486;497;24;1693.09;0.5509275939258989;0.118853693542576;Esporádicos / Desertores
487;17;34;3323.1;0.3119827871565707;0.07930546778610333;Frecuentes Regulares
488;709;2;276.25;0.03272398190045248;0.0;Esporádicos / Desertores
489;125;1;35.9;0.0;0.0;Esporádicos Recientes
490;296;8;669.89;0.6726925316096672;0.0;Cazadores de Ofertas
491;296;5;393.90000000000003;0.7905305915206906;0.0;Cazadores de Ofertas
492;680;5;638.42;0.3209642555057799;0.0;Esporádicos / Desertores
493;16;42;3316.91;0.14261164758766445;0.15595237736326883;Frecuentes Regulares
494;195;3;126.39;0.0;0.0;Esporádicos Recientes
495;48;3;1060.49;0.6563758262689889;0.0;Cazadores de Ofertas
496;542;3;101.16999999999999;0.27577345062765646;0.0;Esporádicos / Desertores
497;8;31;2354.54;0.4478326976819252;0.028081918336490357;Frecuentes Regulares
498;592;1;23.860000000000003;1.0;0.0;Cazadores de Ofertas
499;182;5;214.1;0.37487155534796823;0.1940681924334423;Esporádicos Recientes
500;79;2;49.089999999999996;0.0;0.0;Esporádicos Recientes
501;379;6;182.5;0.636986301369863;0.0;Cazadores de Ofertas
502;280;2;56.57;1.0;0.0;Cazadores de Ofertas
503;565;6;741.1500000000001;0.04120623355596033;0.0;Esporádicos / Desertores
504;92;20;1857.27;0.6677919742417634;0.027761176350234486;Frecuentes Regulares
506;69;1;60.31;0.0;0.0;Esporádicos Recientes
507;2;3;195.59;0.0;0.0;Esporádicos Recientes
508;206;17;1820.49;0.16188498700899207;0.031117995704453193;Frecuentes Regulares
509;538;2;64.92;0.14309919901417126;0.14309919901417126;Esporádicos / Desertores
510;207;3;315.83;0.0;0.0;Esporádicos Recientes
511;485;2;64.78;0.0;0.0;Esporádicos / Desertores
512;155;3;162.21;0.0;0.5102644719807657;En Riesgo (Solo Medicamentos)
514;97;1;5.58;1.0;1.0;En Riesgo (Solo Medicamentos)
515;17;56;3362.68;0.2621688653098124;0.07415216434510569;Frecuentes Regulares
516;465;5;332.66999999999996;0.05452851173835934;0.06727387501127244;Esporádicos / Desertores
517;10;6;491.43999999999994;0.0;0.12211053231320203;Esporádicos Recientes
518;8;84;5949.24;0.32186968419495604;0.060330395142909006;Leales VIP / Crónicos
519;232;2;527.22;0.0;0.0;Esporádicos Recientes
520;635;2;142.59;1.0;0.0;Cazadores de Ofertas
521;105;5;704.39;0.0;0.0;Esporádicos Recientes
522;97;3;263.43;0.0;0.0;Esporádicos Recientes
523;4;2;54.370000000000005;0.0;0.35571086996505424;Esporádicos Recientes
524;221;36;2317.13;0.4211805120990191;0.011194883325493175;Frecuentes Regulares
525;4;70;4208.44;0.46200492343956434;0.08130090960070716;Leales VIP / Crónicos
526;232;6;422.69;0.08999503182000994;0.0;Esporádicos Recientes
527;160;2;96.81;0.0;0.0556760665220535;Esporádicos Recientes
528;214;4;193.37;0.0;0.0;Esporádicos Recientes
529;123;5;325.01;0.09255099843081752;0.5310298144672472;En Riesgo (Solo Medicamentos)
530;121;7;529.2;0.0;0.0;Esporádicos Recientes
531;705;2;57.88;1.0;0.0;Cazadores de Ofertas
532;2;88;6823.13;0.30649423358487965;0.07922317177014067;Leales VIP / Crónicos
533;704;2;124.11;0.0;0.0;Esporádicos / Desertores
534;319;5;384.75;0.0;0.09403508771929825;Esporádicos / Desertores
535;15;7;614.05;0.6866704665743832;0.056412344271639124;Cazadores de Ofertas
537;201;6;614.8199999999999;0.3488500699391692;0.20388081064376568;Esporádicos Recientes
538;464;74;6900.74;0.142357196474581;0.046096505592153884;Leales VIP / Crónicos
539;14;96;8659.53;0.3044079759525055;0.053541012041069196;Leales VIP / Crónicos
540;24;3;122.49000000000001;1.0;0.15682912890848233;Cazadores de Ofertas
541;21;8;324.03000000000003;0.41792426627164153;0.0;Esporádicos Recientes
543;379;71;4131.52;0.28495323754937646;0.09701030129347067;Leales VIP / Crónicos
544;15;40;2359.27;0.5539467716708982;0.07000046624591505;Frecuentes Regulares
545;76;4;178.3;1.0;0.0;Cazadores de Ofertas
546;122;7;696.15;0.0759750053867701;0.007871866695396109;Esporádicos Recientes
547;86;3;106.30000000000001;1.0;0.0;Cazadores de Ofertas
548;167;5;1117.8799999999999;0.0;0.09575267470569293;Esporádicos Recientes
549;530;2;659.5899999999999;0.8574872269136888;0.0;Cazadores de Ofertas
550;25;24;2278.75;0.3932814042786616;0.02815578716401536;Frecuentes Regulares
551;11;6;843.2;0.10419829222011384;0.003546015180265655;Esporádicos Recientes
552;622;3;132.60999999999999;0.1105497322977151;0.0;Esporádicos / Desertores
553;398;3;68.14999999999999;0.7448275862068965;0.0;Cazadores de Ofertas
554;430;1;72.64;0.0;0.0;Esporádicos / Desertores
555;398;1;8.889999999999999;1.0;0.0;Cazadores de Ofertas
556;567;7;1217.1;0.524763782762304;0.012932380248130804;Esporádicos / Desertores
557;584;1;279.63;0.0;0.0;Esporádicos / Desertores
558;698;23;1362.83;0.25534365988421154;0.08664323503298284;Esporádicos / Desertores
559;101;7;639.54;0.500859993120055;0.01704350001563624;Esporádicos Recientes
560;499;19;1000.61;0.38706389102647387;0.05131869559568662;Esporádicos / Desertores
561;291;6;452.48;0.4300963578500707;0.0;Esporádicos Recientes
563;96;3;55.21;0.2367324760007245;0.0;Esporádicos Recientes
566;549;4;334.73;0.0;0.3436799808801123;Esporádicos / Desertores
568;66;7;280.9;0.0;0.14211463154147386;Esporádicos Recientes
569;668;2;161.79999999999998;0.0;0.0;Esporádicos / Desertores
570;32;3;102.22999999999999;1.0;0.2632299716325932;Cazadores de Ofertas
571;103;8;550.78;0.19091107157122628;0.0916336831402738;Esporádicos Recientes
572;20;6;640.26;0.0;0.09002592696716959;Esporádicos Recientes
573;154;5;759.78;0.14602911369080523;0.0;Esporádicos Recientes
574;113;24;1001.9;0.409831320491067;0.19378181455235055;Frecuentes Regulares
575;3;34;2027.49;0.3479425299261648;0.12990939536076626;Frecuentes Regulares
576;606;2;338.78;1.0;0.05425349784520929;Cazadores de Ofertas
577;173;5;351.45;0.026774790155071847;0.0;Esporádicos Recientes
578;689;16;1162.1599999999999;0.3107489502306051;0.15132167687753842;Esporádicos / Desertores
579;487;5;267.95;0.6082478074267588;0.027579772345586867;Cazadores de Ofertas
580;167;6;370.45000000000005;0.0;0.07990282089350789;Esporádicos Recientes
582;557;1;162.84;0.0;0.0;Esporádicos / Desertores
583;162;83;7876.849999999999;0.18966211112310127;0.0744790112798898;Leales VIP / Crónicos
584;125;5;282.15000000000003;0.5123161438950913;0.41970583023214597;En Riesgo (Solo Medicamentos)
585;207;6;831.17;0.013811855577078097;0.0;Esporádicos Recientes
586;0;77;6466.55;0.2754358970393796;0.08392883376761952;Leales VIP / Crónicos
587;521;3;97.74000000000001;0.0;0.15858399836300388;Esporádicos / Desertores
588;78;3;139.05;0.9669902912621359;0.7788565264293419;En Riesgo (Solo Medicamentos)
589;350;7;365.35;0.0;0.036567674832352536;Esporádicos / Desertores
590;391;6;277.69;1.0;0.029493319889084955;Cazadores de Ofertas
591;497;1;78.92;0.0;0.0;Esporádicos / Desertores
592;158;3;63.3;0.0;0.0;Esporádicos Recientes
593;95;37;2462.59;0.32498304630490665;0.15752114643525716;Frecuentes Regulares
594;250;7;689.01;0.22400255438963151;0.2885879740497235;Esporádicos Recientes
595;50;21;1972.8;0.44581812652068126;0.09850973236009733;Frecuentes Regulares
596;684;1;323.54;0.0;0.0;Esporádicos / Desertores
597;308;7;676.5500000000001;0.9710590495898307;0.09019289039982262;Cazadores de Ofertas
598;391;4;97.86000000000001;0.5169630083793173;0.7402411608420191;En Riesgo (Solo Medicamentos)
599;4;85;6351.62;0.25494440788334316;0.08424779819951446;Leales VIP / Crónicos
600;134;9;579.1600000000001;0.5076144761378548;0.0;Esporádicos Recientes
601;45;11;938.12;0.6236835372873407;0.06181511960090394;Cazadores de Ofertas
602;19;29;2420.12;0.13171660909376395;0.038754276647438975;Frecuentes Regulares
603;664;42;3155.33;0.2653415015228201;0.11298342804080715;Esporádicos / Desertores
604;153;7;622.8399999999999;0.07766039432277953;0.03134031211868217;Esporádicos Recientes
605;25;25;2107.95;0.6842667046182311;0.01505253919685002;Frecuentes Regulares
606;320;3;615.19;0.0;0.0;Esporádicos / Desertores
607;643;2;180.46;0.0;0.0;Esporádicos / Desertores
608;370;7;400.99999999999994;0.6362344139650873;0.0;Cazadores de Ofertas
609;263;11;1001.82;0.09719310854245274;0.06896448463795891;Esporádicos Recientes
610;0;95;6814.0;0.34253742295274436;0.11181684766656882;Leales VIP / Crónicos
611;666;2;87.36999999999999;0.7335469840906489;0.0;Cazadores de Ofertas
612;442;2;143.76;0.0;0.0;Esporádicos / Desertores
613;4;29;1712.91;0.5794349965847593;0.032068234758393606;Frecuentes Regulares
614;692;1;36.53;0.0;0.0;Esporádicos / Desertores
615;4;37;2466.07;0.5157558382365464;0.13026394222386226;Frecuentes Regulares
616;170;5;118.22;0.38851294197259345;0.13644053459651498;Esporádicos Recientes
617;521;4;395.63;0.0;0.0;Esporádicos / Desertores
618;425;3;250.93;0.0;0.22209381102299444;Esporádicos / Desertores
619;25;7;435.86;0.9010003212040563;0.03675492130500619;Cazadores de Ofertas
620;679;8;800.5;0.8903560274828233;0.0;Cazadores de Ofertas
621;623;2;109.71;0.0;0.0;Esporádicos / Desertores
623;42;30;1697.59;0.30083824716215346;0.0680670833357878;Frecuentes Regulares
624;568;11;331.57;0.41372862442319874;0.02373556111831589;Esporádicos / Desertores
625;2;7;328.51;0.0;0.062189887674652215;Esporádicos Recientes
627;101;2;229.01;0.228068643290686;0.0;Esporádicos Recientes
628;171;8;395.12;0.0;0.3251670378619154;Esporádicos Recientes
629;107;5;378.62;0.6578363530716813;0.0;Cazadores de Ofertas
630;5;33;2226.98;0.286455199418046;0.01216894628600167;Frecuentes Regulares
633;252;5;316.96999999999997;0.7048301101050574;0.1473956525854182;Cazadores de Ofertas
634;89;6;401.6;0.5952440239043825;0.0;Cazadores de Ofertas
635;110;33;2357.79;0.24050487956942734;0.0;Frecuentes Regulares
636;276;6;527.85;0.4974140380789997;0.12872975277067347;Cazadores de Ofertas
637;350;4;114.71;0.0;0.15264580245837328;Esporádicos / Desertores
638;201;17;1593.45;0.011785747905488092;0.21341115190310334;Esporádicos Recientes
639;461;1;49.83;1.0;0.0;Cazadores de Ofertas
640;261;6;642.76;0.7173595121040514;0.07567365735266662;Cazadores de Ofertas
641;172;5;201.03;0.43321892254887334;0.0;Esporádicos Recientes
642;243;32;1672.1;0.33720471263680407;0.04622331200287065;Frecuentes Regulares
643;0;8;449.84999999999997;0.5035678559519841;0.048949649883294435;Esporádicos Recientes
644;212;2;178.62;0.0;0.0;Esporádicos Recientes
645;66;8;549.0300000000001;0.49368886946068513;0.1257672622625357;Esporádicos Recientes
646;20;3;70.94;0.24161263039188047;0.0;Esporádicos Recientes
647;466;19;1294.64;0.33990143978248777;0.030603102020638942;Esporádicos / Desertores
648;9;30;3123.73;0.3029167053490539;0.07556991161207915;Frecuentes Regulares
649;180;6;361.65000000000003;0.8655053228259366;0.12111157196184154;Cazadores de Ofertas
650;8;5;535.62;0.13899779694559578;0.0;Esporádicos Recientes
651;242;1;1053.63;0.0;0.0;Esporádicos Recientes
652;384;33;2250.43;0.3506618735086184;0.053656412330088034;Frecuentes Regulares
653;569;3;156.35999999999999;0.0;0.0;Esporádicos / Desertores
654;6;35;1714.91;0.42885632482171077;0.036579179082284204;Frecuentes Regulares
655;106;5;297.62;0.37964518513540757;0.15855789261474362;Esporádicos Recientes
656;8;4;85.26;0.2853624208304011;0.0;Esporádicos Recientes
657;506;8;547.61;0.0;0.17928817954383594;Esporádicos / Desertores
658;516;2;129.74;0.0;0.3554801911515338;Esporádicos / Desertores
659;105;5;274.20000000000005;0.7394602479941647;0.07647702407002187;Cazadores de Ofertas
660;113;1;51.99;1.0;1.0;En Riesgo (Solo Medicamentos)
661;2;62;4319.4800000000005;0.400851491383222;0.08963115930621278;Leales VIP / Crónicos
662;1;25;2573.15;0.6512212657637527;0.07385500262324388;Frecuentes Regulares
663;460;9;489.0;0.8261349693251534;0.04582822085889571;Cazadores de Ofertas
664;24;17;1285.03;0.7669859847630017;0.07844174844167064;Frecuentes Regulares
665;346;8;611.84;0.31738689853556484;0.0;Esporádicos / Desertores
666;3;39;2848.81;0.06597140560444537;0.12746374802110355;Frecuentes Regulares
667;5;18;1100.44;0.3023336120097415;0.10214096179709935;Frecuentes Regulares
668;0;83;5809.75;0.30408193123628385;0.07348164723094798;Leales VIP / Crónicos
669;1;23;1500.27;0.20645617122251328;0.21064874989168614;Frecuentes Regulares
670;158;42;2326.59;0.39325364589377587;0.06280436174830975;Frecuentes Regulares
671;440;1;81.8;0.0;0.0;Esporádicos / Desertores
672;558;2;453.59;0.0;0.0;Esporádicos / Desertores
673;435;4;468.37000000000006;0.3024745393599077;0.015009501035506113;Esporádicos / Desertores
674;404;1;316.94000000000005;1.0;0.0;Cazadores de Ofertas
675;178;5;529.56;0.24429715235289678;0.08580708512727547;Esporádicos Recientes
676;521;9;1280.55;0.0;0.02509859044941627;Esporádicos / Desertores
677;392;2;134.09;1.0;0.0;Cazadores de Ofertas
678;51;6;220.84;0.8908712189820684;0.3099076254301757;Cazadores de Ofertas
679;455;3;213.4;1.0;0.0;Cazadores de Ofertas
680;5;24;1966.41;0.07257896369526194;0.19347440259152465;Frecuentes Regulares
681;365;5;718.94;0.10707430383620328;0.02716499290622305;Esporádicos / Desertores
682;4;19;1203.75;0.2698317757009346;0.12700311526479752;Frecuentes Regulares
683;114;6;798.06;0.01132746911259805;0.00734280630529033;Esporádicos Recientes
684;122;2;46.879999999999995;1.0;0.0;Cazadores de Ofertas
685;133;3;130.24;0.2718826781326781;0.36179361179361175;Esporádicos Recientes
686;24;12;714.1;0.289273211034869;0.04646408066097185;Esporádicos Recientes
687;154;6;598.83;0.8193477280697359;0.0;Cazadores de Ofertas
688;560;1;24.93;0.0;0.0;Esporádicos / Desertores
689;380;5;314.78;0.6636380964483132;0.05025732257449648;Cazadores de Ofertas
691;17;6;285.65999999999997;0.0;0.08650143527270182;Esporádicos Recientes
692;207;5;228.32999999999998;0.05894976569001008;0.0870669644812333;Esporádicos Recientes
693;86;6;187.42;0.6189307437840146;0.30226229858072784;Cazadores de Ofertas
694;236;9;546.94;0.6074340878341317;0.0;Cazadores de Ofertas
695;531;6;607.6099999999999;0.03596056681094782;0.0;Esporádicos / Desertores
696;70;29;2651.76;0.3948471958246598;0.05955667179533593;Frecuentes Regulares
697;35;15;1191.83;0.15542485085960248;0.07603433375565308;Esporádicos Recientes
698;217;3;90.81;0.0;0.0;Esporádicos Recientes
699;641;2;127.52000000000001;0.0;0.0;Esporádicos / Desertores
700;479;5;245.32999999999998;0.8466555252109403;0.0;Cazadores de Ofertas
701;288;3;153.03;0.10573090243743057;0.8255244069790237;En Riesgo (Solo Medicamentos)
702;0;6;126.02;0.27162355181717185;0.0;Esporádicos Recientes
703;604;4;258.29;0.674048550079368;0.16760230748383598;Cazadores de Ofertas
704;44;2;156.85;0.10200828817341409;0.0;Esporádicos Recientes
705;42;6;661.0699999999999;0.0;0.0;Esporádicos Recientes
706;485;3;108.56;0.0;0.09543109801031686;Esporádicos / Desertores
707;306;4;533.55;0.0;0.052085090432011996;Esporádicos / Desertores
709;35;8;954.6299999999999;1.0;0.00568806762829578;Cazadores de Ofertas
710;253;4;161.19;0.14113778770395186;0.25448228798312555;Esporádicos Recientes
711;25;36;2363.13;0.4913356438283124;0.0938712639592405;Frecuentes Regulares
712;9;11;1370.48;0.0;0.02924522794933162;Esporádicos Recientes
713;13;38;2999.29;0.2764987713758923;0.05793371097826485;Frecuentes Regulares
714;389;5;131.60999999999999;0.4672897196261683;0.0;Esporádicos / Desertores
715;365;5;302.12;0.38574076525883755;0.0;Esporádicos / Desertores
716;421;4;463.3;0.07226419166846534;0.033131879991366284;Esporádicos / Desertores
717;17;17;937.68;0.5358331200409522;0.03312430679976111;Frecuentes Regulares
718;178;6;447.73;0.004064949858173452;0.107453152569629;Esporádicos Recientes
719;524;4;195.93;0.06573776348695963;0.0;Esporádicos / Desertores
720;154;6;877.72;0.6451715809141867;0.0;Cazadores de Ofertas
721;28;5;299.9200000000001;0.5153707655374766;0.021005601493731655;Esporádicos Recientes
722;309;7;708.48;0.9642191734417344;0.0;Cazadores de Ofertas
723;590;2;49.870000000000005;1.0;0.0;Cazadores de Ofertas
724;28;2;334.75;0.0;0.0;Esporádicos Recientes
725;255;4;229.37;0.0;0.02598421763962157;Esporádicos Recientes
726;37;3;267.02;0.0;0.3105385364392181;Esporádicos Recientes
727;174;5;325.02;0.3117346624823088;0.006984185588579166;Esporádicos Recientes
728;51;5;353.31;0.4967026124366703;0.06204183295123263;Esporádicos Recientes
729;31;5;246.46;0.07189807676702101;0.0765641483405015;Esporádicos Recientes
730;603;2;311.99;1.0;0.06160453860700663;Cazadores de Ofertas
731;9;5;209.74;0.19242872127395821;0.291503766568132;Esporádicos Recientes
732;47;3;28.06;0.880256593014968;0.18317890235210263;Cazadores de Ofertas
733;25;12;907.86;0.085233406031767;0.08003436653228471;Esporádicos Recientes
734;644;96;6157.63;0.23459837632335817;0.07162333560152201;Leales VIP / Crónicos
735;71;5;305.11;0.37212808495296773;0.0;Esporádicos Recientes
736;431;29;2155.4;0.1023939871949522;0.061826111162661214;Esporádicos / Desertores
737;15;5;446.37999999999994;0.0;0.14104574577714057;Esporádicos Recientes
738;593;4;144.55;0.5718436527153233;0.0;Esporádicos / Desertores
739;28;23;1660.27;0.283628566437989;0.06251392845741958;Frecuentes Regulares
740;63;8;302.1;0.20248262164846076;0.03651108904336312;Esporádicos Recientes
741;30;7;463.67999999999995;0.6066036922015183;0.054369392684610086;Esporádicos Recientes
742;495;4;290.29;0.0;0.010265596472493024;Esporádicos / Desertores
743;84;8;446.48;0.3027683210894105;0.2280057337394732;Esporádicos Recientes
744;4;13;1289.37;0.7288288078674082;0.0;Frecuentes Regulares
745;415;3;614.11;0.0;0.0;Esporádicos / Desertores
746;52;28;1327.1;0.4060357169768668;0.11207896918092079;Frecuentes Regulares
747;15;37;2392.42;0.5401476329407043;0.07435567333494954;Frecuentes Regulares
748;474;7;196.64;0.4381102522375916;0.14396867371847033;Esporádicos / Desertores
749;661;5;462.3;0.04994592256110751;0.07326411421155093;Esporádicos / Desertores
750;387;3;119.05999999999999;1.0;0.0;Cazadores de Ofertas
751;264;1;142.32;0.0;0.0;Esporádicos Recientes
752;75;5;76.47;0.5527657905060809;0.5535504119262457;En Riesgo (Solo Medicamentos)
753;228;6;414.59;0.1765840951301286;0.052389107310837214;Esporádicos Recientes
754;151;4;753.85;0.8316110632088612;0.050713006566293024;Cazadores de Ofertas
755;231;5;728.9;0.0;0.24204966387707505;Esporádicos Recientes
756;63;6;404.38;0.0;0.0;Esporádicos Recientes
758;356;3;137.8;1.0;0.0;Cazadores de Ofertas
761;368;1;246.22;0.0;0.0;Esporádicos / Desertores
762;417;9;539.78;0.06441513209085184;0.0;Esporádicos / Desertores
763;0;42;3629.7;0.30401410584896826;0.04393476044852192;Frecuentes Regulares
764;179;4;442.55;0.1766128121116258;0.38447633035815154;Esporádicos Recientes
765;249;5;304.19;1.0;0.0;Cazadores de Ofertas
766;28;41;4556.8;0.17214053721910114;0.062407830056179774;Frecuentes Regulares
767;175;27;3443.06;0.13295150244259465;0.010615557091656841;Frecuentes Regulares
768;0;83;6501.2;0.3473543345843844;0.09210299636990094;Leales VIP / Crónicos
769;0;83;7289.66;0.23325230532013838;0.08434549759522393;Leales VIP / Crónicos
770;118;9;574.28;0.95728564463328;0.0;Cazadores de Ofertas
771;246;3;188.26999999999998;0.0;0.18457534392096459;Esporádicos Recientes
772;171;17;1233.68;0.30207185007457366;0.05928603851890278;Esporádicos Recientes
773;259;23;2588.73;0.3745465923445087;0.02115709247391578;Frecuentes Regulares
774;352;5;600.19;0.1308085772838601;0.06887818857361835;Esporádicos / Desertores
775;254;4;435.35;0.012311932927529573;0.012311932927529573;Esporádicos Recientes
776;9;4;130.26;0.0;0.6228312605558115;En Riesgo (Solo Medicamentos)
777;3;86;7723.58;0.18534669156013145;0.08792166327014157;Leales VIP / Crónicos
778;267;4;311.47;0.0;0.0;Esporádicos Recientes
779;443;10;540.05;0.612054439403759;0.08332561799833349;Cazadores de Ofertas
780;515;3;228.87;0.5141346615982872;0.0;Esporádicos / Desertores
781;171;3;532.24;0.0;0.0;Esporádicos Recientes
782;191;4;207.85;0.0898243925908107;0.0898243925908107;Esporádicos Recientes
783;280;4;471.82;0.9827052689585012;0.0;Cazadores de Ofertas
784;24;3;344.97999999999996;0.16296596904168356;0.07116354571279496;Esporádicos Recientes
785;83;1;23.99;0.0;0.0;Esporádicos Recientes
786;0;31;1627.11;0.3672830970247863;0.09909594311386447;Frecuentes Regulares
787;188;20;793.6700000000001;0.5171670845565537;0.1300288533017501;Frecuentes Regulares
788;285;3;820.04;0.958197161114092;0.03733964196868446;Cazadores de Ofertas
789;170;22;1188.97;0.42578870787320117;0.060060388403408;Frecuentes Regulares
790;600;4;397.63999999999993;0.8080675988331154;0.0;Cazadores de Ofertas
791;464;1;3.07;0.0;1.0;En Riesgo (Solo Medicamentos)
792;121;5;596.39;0.11116886601049648;0.0;Esporádicos Recientes
793;0;6;632.12;0.0;0.0;Esporádicos Recientes
794;168;3;139.01;0.13919861880440257;0.0;Esporádicos Recientes
795;34;33;1932.5800000000002;0.3327003280588643;0.0591333864574817;Frecuentes Regulares
796;440;5;653.84;0.07203597210326686;0.03132264774256699;Esporádicos / Desertores
797;113;4;372.57;0.0;0.0920363958450761;Esporádicos Recientes
798;377;23;1509.49;0.4050507124922987;0.07572756361420083;Esporádicos / Desertores
799;446;3;241.3;0.0;0.15698300870285953;Esporádicos / Desertores
800;174;6;380.14;0.5132056610722365;0.0;Esporádicos Recientes
801;79;8;252.62;0.0;0.0849497268624812;Esporádicos Recientes
802;611;13;768.26;0.30856741207403743;0.013654231640330097;Esporádicos / Desertores
803;252;5;117.78999999999999;0.6433483317768911;0.0;Cazadores de Ofertas
804;44;7;232.65;0.22776703202235118;0.0;Esporádicos Recientes
805;60;1;93.87;0.0;0.0;Esporádicos Recientes
807;129;2;280.52;0.0;0.1973834307714245;Esporádicos Recientes
808;83;4;106.53;0.0;0.4203510748146062;Esporádicos Recientes
809;154;5;219.68;0.06946467589220684;0.06108885651857247;Esporádicos Recientes
810;23;5;262.05;0.3837435603892387;0.0;Esporádicos Recientes
811;102;3;303.78;1.0;0.0;Cazadores de Ofertas
812;235;3;164.54;0.0;0.0;Esporádicos Recientes
813;221;9;395.13;0.6263761293751424;0.18712828689292133;Cazadores de Ofertas
814;163;5;208.88;0.6175315970892379;0.2752776713902719;Cazadores de Ofertas
815;29;3;52.32;1.0;0.0;Cazadores de Ofertas
816;596;2;356.97;0.0;0.0;Esporádicos / Desertores
817;168;5;193.84;0.3872781675608749;0.1565208419314899;Esporádicos Recientes
818;66;2;44.04;0.0;0.0;Esporádicos Recientes
819;57;6;835.0;0.0;0.0;Esporádicos Recientes
821;564;2;169.35999999999999;0.0;0.12972366556447804;Esporádicos / Desertores
822;73;18;1700.13;0.30406498326598547;0.07127690235452583;Frecuentes Regulares
823;111;2;211.14;0.8217296580467937;0.0;Cazadores de Ofertas
824;1;39;3355.2200000000003;0.04412825388499114;0.014204731731451288;Frecuentes Regulares
825;352;5;206.35;0.911364187060819;0.0;Cazadores de Ofertas
826;95;3;138.13;1.0;0.2751031636863824;Cazadores de Ofertas
827;534;6;475.78000000000003;0.16148219765437807;0.0;Esporádicos / Desertores
828;153;39;3692.24;0.17835514484432216;0.08154941173921523;Frecuentes Regulares
829;381;1;47.69;1.0;0.0;Cazadores de Ofertas
830;53;8;490.23;0.0;0.07190502417232728;Esporádicos Recientes
831;477;2;47.6;1.0;0.0;Cazadores de Ofertas
832;510;2;135.74;0.0;0.0;Esporádicos / Desertores
833;6;4;136.1;0.05481263776634828;0.0;Esporádicos Recientes
834;122;6;399.31;0.7158598582554908;0.14359770604292404;Cazadores de Ofertas
835;129;7;1107.93;0.010136019423609794;0.008466238841804086;Esporádicos Recientes
836;297;1;135.4;1.0;0.0;Cazadores de Ofertas
837;49;4;83.96;0.17734635540733684;0.0;Esporádicos Recientes
838;550;2;26.93;0.3483104344597104;0.3483104344597104;Esporádicos / Desertores
839;701;2;33.24999999999999;0.9245112781954887;0.0;Cazadores de Ofertas
840;173;6;267.35;0.00965027118010099;0.05816345614363194;Esporádicos Recientes
841;34;19;2311.9900000000002;0.45094485702792836;0.04572251610084819;Frecuentes Regulares
843;275;4;257.03;1.0;0.0;Cazadores de Ofertas
844;465;3;97.12;1.0;0.0;Cazadores de Ofertas
845;292;24;1185.67;0.5242099403712669;0.07740771040846103;Frecuentes Regulares
846;418;2;80.61;0.0;0.0;Esporádicos / Desertores
847;11;41;3043.2;0.49469308622502633;0.018289957939011565;Frecuentes Regulares
848;550;3;247.62000000000003;0.3870850496728858;0.0;Esporádicos / Desertores
850;148;3;136.0;0.0;0.6783823529411765;En Riesgo (Solo Medicamentos)
851;51;6;343.53000000000003;0.0;0.0;Esporádicos Recientes
852;381;11;645.33;0.6121674182201354;0.13063084003533076;Cazadores de Ofertas
853;5;33;2025.1;0.12392968248481558;0.21515974519776804;Frecuentes Regulares
854;421;3;36.019999999999996;0.0;0.2890061077179345;Esporádicos / Desertores
855;311;3;249.33999999999997;0.8390551054784632;0.0668565011630705;Cazadores de Ofertas
856;56;5;402.53;0.0;0.11253819591086378;Esporádicos Recientes
857;51;9;323.18;0.2845473110959837;0.11414691503187079;Esporádicos Recientes
858;151;8;729.21;0.18484387213559877;0.010175395290794146;Esporádicos Recientes
859;200;2;95.6;0.6294979079497909;0.0;Cazadores de Ofertas
860;12;6;200.04;0.0;0.1187262547490502;Esporádicos Recientes
861;276;5;273.08;1.0;0.0657682730335433;Cazadores de Ofertas
862;201;2;159.12;0.0;0.0;Esporádicos Recientes
864;333;7;469.29999999999995;0.5583635201363735;0.0;Cazadores de Ofertas
865;184;35;2239.84;0.23356579041360095;0.08423815986856203;Frecuentes Regulares
866;258;5;600.26;0.14891880185253056;0.0;Esporádicos Recientes
867;15;8;725.23;0.09645216000441237;0.0;Esporádicos Recientes
868;443;1;78.93;0.0;0.0;Esporádicos / Desertores
869;377;1;102.86;0.0;0.0;Esporádicos / Desertores
871;53;19;1819.4;0.29884577333186757;0.025810706826426295;Frecuentes Regulares
872;179;3;313.99;0.8241026784292493;0.0;Cazadores de Ofertas
873;7;35;2059.46;0.16619890650947333;0.06706126848785604;Frecuentes Regulares
874;17;8;1239.6599999999999;0.1136359969669103;0.0;Esporádicos Recientes
875;491;8;910.6700000000001;0.4548409412849879;0.10131002448746526;Esporádicos / Desertores
876;348;3;158.96999999999997;0.924765679058942;0.13537145373340884;Cazadores de Ofertas
877;209;5;421.15;0.0;0.0;Esporádicos Recientes
878;528;3;189.79000000000002;0.0;0.0;Esporádicos / Desertores
879;86;6;821.65;0.03040223939633664;0.0;Esporádicos Recientes
880;78;5;349.36;0.30647469658804666;0.15433936340737348;Esporádicos Recientes
881;313;1;118.88;0.0;0.0;Esporádicos / Desertores
882;14;12;520.83;0.5791141063302805;0.08785976230247873;Esporádicos Recientes
883;143;3;77.29;0.4664251520248414;0.16832707982921463;Esporádicos Recientes
884;484;1;16.25;0.0;0.0;Esporádicos / Desertores
885;300;3;116.66;0.7028973084176239;0.0;Cazadores de Ofertas
886;425;3;203.94;0.5957144258115132;0.0;Cazadores de Ofertas
887;188;5;217.86;0.4861837877536032;0.0;Esporádicos Recientes
888;316;6;457.24;0.7599291400577378;0.0428440206456128;Cazadores de Ofertas
889;113;2;56.03999999999999;1.0;0.16006423982869383;Cazadores de Ofertas
890;112;4;248.21;0.4574352362918496;0.23588896498932355;Esporádicos Recientes
891;362;4;261.65999999999997;0.44557823129251706;0.0;Esporádicos / Desertores
893;575;5;449.52;0.03541555436910482;0.0;Esporádicos / Desertores
895;365;2;89.03999999999999;1.0;0.0;Cazadores de Ofertas
896;8;3;386.51000000000005;0.1353393185169853;0.0;Esporádicos Recientes
897;140;7;202.8;0.15350098619329386;0.040779092702169624;Esporádicos Recientes
898;676;27;2574.56;0.5652927102106768;0.06211935243303711;Esporádicos / Desertores
899;727;3;132.34;0.0;0.9161251322351518;En Riesgo (Solo Medicamentos)
900;139;6;356.4;0.4970819304152638;0.0;Esporádicos Recientes
901;17;4;164.07999999999998;0.4068137493905412;0.0;Esporádicos Recientes
902;30;29;1689.84;0.08428016853666619;0.12620129716422857;Frecuentes Regulares
903;136;9;413.94;0.2697009228390588;0.39993718896458424;Esporádicos Recientes
904;19;8;470.47999999999996;0.0;0.164172759734739;Esporádicos Recientes
905;31;6;480.34000000000003;1.0;0.0;Cazadores de Ofertas
907;349;5;411.0;0.20596107055961071;0.112992700729927;Esporádicos / Desertores
908;705;1;229.66;0.0;0.0;Esporádicos / Desertores
909;381;6;901.3900000000001;0.02595990636683344;0.02595990636683344;Esporádicos / Desertores
910;386;4;308.76;1.0;0.0;Cazadores de Ofertas
911;691;5;433.32;0.3241715129696298;0.0;Esporádicos / Desertores
912;11;10;524.13;0.0;0.02052925800850934;Esporádicos Recientes
913;145;4;84.43;0.1930593390974772;0.0;Esporádicos Recientes
914;8;1;19.28;0.0;0.0;Esporádicos Recientes
915;236;3;218.92000000000002;0.0;0.0;Esporádicos Recientes
916;74;6;288.5;0.13188908145580588;0.22537261698440206;Esporádicos Recientes
917;465;1;74.64;0.0;0.0;Esporádicos / Desertores
918;629;8;598.53;1.0;0.010375419778457221;Cazadores de Ofertas
919;11;1;16.01;0.0;0.0;Esporádicos Recientes
920;52;1;72.66;0.0;0.0;Esporádicos Recientes
921;51;22;1923.3000000000002;0.2758384027452816;0.07674309780065511;Frecuentes Regulares
922;25;6;253.08;0.6955903271692746;0.06989884621463567;Cazadores de Ofertas
923;159;4;158.53;0.34044029521226266;0.0;Esporádicos Recientes
924;182;4;668.76;0.16372091632274655;0.0;Esporádicos Recientes
925;8;91;7188.04;0.3195001697263788;0.05272925581938888;Leales VIP / Crónicos
926;29;2;28.66;1.0;0.0;Cazadores de Ofertas
927;421;33;3307.11;0.29981766557507916;0.043146432988319106;Frecuentes Regulares
929;638;1;59.88;0.0;0.0;Esporádicos / Desertores
930;90;3;476.90000000000003;0.8202348500733906;0.0;Cazadores de Ofertas
931;59;19;1627.22;0.161680657809024;0.07227049815021938;Frecuentes Regulares
932;0;82;5379.75;0.40581625540220273;0.08434778567777314;Leales VIP / Crónicos
933;24;100;6842.4400000000005;0.141575227550406;0.08830767971659233;Leales VIP / Crónicos
934;252;8;711.62;0.305668755796633;0.0;Esporádicos Recientes
935;370;2;186.92;1.0;0.0;Cazadores de Ofertas
936;526;2;118.22;1.0;0.04102520724073761;Cazadores de Ofertas
937;4;12;442.66;0.18104188316089098;0.12269010075452944;Esporádicos Recientes
938;244;4;231.60000000000002;0.34309153713298784;0.0;Esporádicos Recientes
939;168;16;830.14;0.3422193846821018;0.021767412725564362;Esporádicos Recientes
941;573;5;292.15999999999997;0.3763006571741511;0.010131434830230011;Esporádicos / Desertores
942;102;8;470.3;0.38836912608972995;0.0;Esporádicos Recientes
943;22;1;17.38;0.0;0.0;Esporádicos Recientes
944;702;2;33.74;1.0;0.0;Cazadores de Ofertas
945;8;4;89.03;0.45860945748624055;0.36156351791530944;Esporádicos Recientes
946;105;2;65.08;0.39920098340503996;0.39920098340503996;En Riesgo (Solo Medicamentos)
947;0;30;2352.46;0.48953435977657433;0.03554151824048018;Frecuentes Regulares
948;345;2;51.43;1.0;0.0;Cazadores de Ofertas
949;152;13;1516.3600000000001;0.1653565116463109;0.06232029333403677;Esporádicos Recientes
950;646;3;801.1199999999999;1.0;0.05092869982025165;Cazadores de Ofertas
951;59;5;556.47;0.1781946915377289;0.054522256366021524;Esporádicos Recientes
952;550;3;141.71;0.10465034224825348;0.0;Esporádicos / Desertores
953;28;5;312.74;0.11098676216665601;0.2248513141907015;Esporádicos Recientes
954;0;20;822.09;0.20907686506343587;0.06529698694790108;Esporádicos Recientes
955;275;4;643.66;1.0;0.034987415716372;Cazadores de Ofertas
956;177;2;56.74;0.0;0.0;Esporádicos Recientes
957;338;4;453.46999999999997;0.05400577766996714;0.0;Esporádicos / Desertores
958;57;7;840.72;0.0;0.0;Esporádicos Recientes
959;241;3;26.51;0.6721991701244813;0.12070916635231987;Cazadores de Ofertas
961;522;23;1709.76;0.49378860190903984;0.11147178551375632;Esporádicos / Desertores
962;80;6;431.75;0.4380312680949624;0.0;Esporádicos Recientes
963;10;2;392.46000000000004;0.0;0.0;Esporádicos Recientes
964;175;6;263.0;0.14190114068441065;0.0;Esporádicos Recientes
965;4;19;1529.81;0.23265634294454865;0.07272798582830549;Frecuentes Regulares
966;153;2;526.74;0.0;0.0;Esporádicos Recientes
967;241;7;382.72;0.3912782190635451;0.0;Esporádicos Recientes
968;98;20;1542.75;0.15430886404148436;0.07695349214065791;Frecuentes Regulares
969;443;5;192.32;0.0;0.5938019966722129;En Riesgo (Solo Medicamentos)
970;26;11;1276.79;0.7019948464508652;0.013721911982393345;Frecuentes Regulares
971;29;3;165.56;0.0;0.0;Esporádicos Recientes
973;482;26;1739.37;0.5985960433950224;0.07039905253051393;Cazadores de Ofertas
974;134;5;319.22;0.23842491071987973;0.03806152496710732;Esporádicos Recientes
975;72;3;161.16;0.0;0.1337800943162075;Esporádicos Recientes
976;236;4;166.25;0.8645413533834586;0.0;Cazadores de Ofertas
977;66;8;795.92;0.4060332696753443;0.036863001306663985;Esporádicos Recientes
978;194;1;16.6;0.0;1.0;En Riesgo (Solo Medicamentos)
980;275;3;101.80000000000001;0.0;0.0;Esporádicos Recientes
981;367;3;144.44;0.07061755746330656;0.07061755746330656;Esporádicos / Desertores
982;496;2;90.53999999999999;0.0;0.0;Esporádicos / Desertores
983;197;4;264.36;0.0;0.48785746709033134;En Riesgo (Solo Medicamentos)
984;162;6;192.85;0.7373087892144153;0.0;Cazadores de Ofertas
985;546;3;279.16;0.0;0.027224530735062327;Esporádicos / Desertores
986;447;1;37.62;0.0;0.0;Esporádicos / Desertores
987;547;3;95.42;0.0;0.08803185914902537;Esporádicos / Desertores
988;699;1;107.63;1.0;0.0;Cazadores de Ofertas
989;427;8;452.15;0.7883224593608316;0.06573039920380405;Cazadores de Ofertas
990;682;13;1372.23;0.34304744831405815;0.005472843473761687;Esporádicos / Desertores
991;54;21;1620.5500000000002;0.32986948875381805;0.04710746351547314;Frecuentes Regulares
992;22;38;3401.94;0.31224242638024186;0.05207616830396773;Frecuentes Regulares
993;60;5;157.10000000000002;0.4881604073838319;0.19739019732654356;Esporádicos Recientes
994;30;6;306.03;0.1952096199718982;0.028428585432800708;Esporádicos Recientes
995;25;6;430.57000000000005;0.6580579232180598;0.017511670576212925;Cazadores de Ofertas
996;89;30;2363.9900000000002;0.2994936526804259;0.08781763036222656;Frecuentes Regulares
997;10;41;3728.05;0.17870200238730705;0.036665280776813615;Frecuentes Regulares
998;451;6;659.65;0.0;0.19205639354202986;Esporádicos / Desertores
999;0;7;312.69;0.16674661805622182;0.0;Esporádicos Recientes
1000;4;120;9727.28;0.2525978485249731;0.06432219489929354;Leales VIP / Crónicos
1001;169;3;115.14;0.0;0.2609866249782873;Esporádicos Recientes
1002;174;7;236.4;0.3255499153976312;0.0;Esporádicos Recientes
1003;283;6;474.05;0.6268958970572724;0.0;Cazadores de Ofertas
1004;277;2;169.94;0.843768388843121;0.0;Cazadores de Ofertas
1005;47;6;400.88;0.08296747156256237;0.09606365994811417;Esporádicos Recientes
1006;305;64;5302.07;0.37354655823103056;0.06721337138136615;Leales VIP / Crónicos
1007;178;4;304.87;0.2840226981992325;0.0;Esporádicos Recientes
1008;61;12;571.52;0.459721444568869;0.04180081187010078;Esporádicos Recientes
1009;437;3;453.94;0.0;0.0;Esporádicos / Desertores
1010;572;1;182.49;0.0;1.0;En Riesgo (Solo Medicamentos)
1011;114;7;580.0100000000001;0.2187031258081757;0.018723815106636087;Esporádicos Recientes
1012;51;5;263.65;0.0;0.3671534230988053;Esporádicos Recientes
1014;28;8;461.17;0.9764078322527484;0.023592167747251556;Cazadores de Ofertas
1015;138;1;45.35;1.0;1.0;En Riesgo (Solo Medicamentos)
1016;503;5;325.22;0.7052149314310312;0.0;Cazadores de Ofertas
1017;219;3;209.83;0.023161607015202784;0.0637659057332126;Esporádicos Recientes
1018;34;4;335.64;0.0;0.05812775592897152;Esporádicos Recientes
1019;353;2;120.69;0.0;0.0;Esporádicos / Desertores
1020;46;4;395.03000000000003;0.19360554894564969;0.09338531250791078;Esporádicos Recientes
1021;9;34;3320.94;0.3974718001529687;0.027751178883087316;Frecuentes Regulares
1022;2;82;5814.28;0.37106400104570125;0.05392413162076817;Leales VIP / Crónicos
1023;7;17;1382.6;0.20708809489367858;0.06217271806740924;Frecuentes Regulares
1024;15;33;1757.53;0.40572280416266016;0.01660853584291591;Frecuentes Regulares
1025;166;4;177.62;0.0;0.0;Esporádicos Recientes
1026;298;9;853.42;0.11286353729699329;0.0;Esporádicos Recientes
1027;398;2;26.84;0.0;0.0;Esporádicos / Desertores
1028;340;4;155.36;0.23262100926879503;0.0;Esporádicos / Desertores
1029;17;5;547.15;0.0;0.0;Esporádicos Recientes
1030;27;41;2845.09;0.6082232899486484;0.09045759536605169;Frecuentes Regulares
1031;290;2;16.7;0.8155688622754491;0.18443113772455091;Cazadores de Ofertas
1032;92;2;167.33999999999997;1.0;0.0;Cazadores de Ofertas
1033;584;29;1687.0;0.40675755779490225;0.05378778897451096;Esporádicos / Desertores
1034;240;2;38.54;0.7874935132330048;0.0;Cazadores de Ofertas
1035;509;1;90.34;0.0;1.0;En Riesgo (Solo Medicamentos)
1036;15;22;2068.2799999999997;0.11826735258282246;0.032321542537760845;Frecuentes Regulares
1037;380;3;318.88000000000005;0.0;0.010097842448569995;Esporádicos / Desertores
1038;137;3;126.56;0.0;0.0;Esporádicos Recientes
1039;17;2;118.17999999999999;0.04789304450837706;0.04789304450837706;Esporádicos Recientes
1041;273;7;1162.1399999999999;0.0;0.028249608480905918;Esporádicos Recientes
1042;12;21;1916.8;0.6044762103505843;0.030305717863105174;Frecuentes Regulares
1045;489;3;161.48000000000002;0.0;0.0;Esporádicos / Desertores
1046;16;3;142.28;0.05081529378689908;0.3241495642395277;Esporádicos Recientes
1047;572;4;339.1;0.0;0.009053376585078148;Esporádicos / Desertores
1048;11;18;1020.12;0.5648551150844999;0.013292553817197975;Frecuentes Regulares
1049;25;67;4291.05;0.22406637070180957;0.04558324885517531;Leales VIP / Crónicos
1050;213;5;434.53999999999996;0.0;0.14350807750724906;Esporádicos Recientes
1051;475;6;449.39;0.910834687020183;0.14760008010859169;Cazadores de Ofertas
1052;705;3;448.52;0.7697315615803086;0.0;Cazadores de Ofertas
1053;7;14;1237.49;0.13179096396738557;0.022893114287792223;Esporádicos Recientes
1054;15;5;386.85999999999996;0.9059608126970997;0.0;Cazadores de Ofertas
1055;503;5;194.56;1.0;0.13867187500000003;Cazadores de Ofertas
1056;259;3;29.869999999999997;0.0;0.17442249748911953;Esporádicos Recientes
1057;25;5;443.68;0.7017445005409304;0.01221601153984854;Cazadores de Ofertas
1058;342;7;906.33;0.05399799190140457;0.0;Esporádicos / Desertores
1059;394;3;136.35;0.3811514484781812;0.0;Esporádicos / Desertores
1060;434;3;247.6;1.0;0.0;Cazadores de Ofertas
1061;129;6;404.92;0.6558332510125456;0.06865553689617702;Cazadores de Ofertas
1062;164;12;924.4100000000001;0.47664997133306647;0.10829610237881458;Esporádicos Recientes
1063;137;8;511.38;0.25339278031991863;0.13473346630685598;Esporádicos Recientes
1065;157;6;350.15;0.19531629301727832;0.11849207482507498;Esporádicos Recientes
1066;3;22;1411.45;0.363229303198838;0.1258563888200078;Frecuentes Regulares
1067;32;6;219.79000000000002;0.775785977524;0.0;Cazadores de Ofertas
1069;176;3;273.77;0.0;0.0;Esporádicos Recientes
1070;228;5;317.82000000000005;0.7734252092379333;0.0;Cazadores de Ofertas
1071;689;1;23.47;0.0;0.0;Esporádicos / Desertores
1073;123;3;99.27;0.24418253248715624;0.0;Esporádicos Recientes
1074;5;25;2306.95;0.2936821344199051;0.10615314592860704;Frecuentes Regulares
1075;586;3;201.17000000000002;1.0;0.0;Cazadores de Ofertas
1076;698;1;28.31;1.0;0.0;Cazadores de Ofertas
1077;38;38;3395.99;0.49047847608502976;0.037906472044970684;Frecuentes Regulares
1078;23;34;2961.0299999999997;0.23179096463055088;0.06915498998659252;Frecuentes Regulares
1079;65;39;3027.31;0.3360574239176034;0.1698273384621991;Frecuentes Regulares
1081;80;33;2110.66;0.11957870997697403;0.06682743786303812;Frecuentes Regulares
1082;291;7;252.53;0.156892250425692;0.14319090801092937;Esporádicos Recientes
1083;28;23;1423.3700000000001;0.34121135052726975;0.07437981691338162;Frecuentes Regulares
1084;6;22;2679.25;0.10111785014463004;0.03339740599048241;Frecuentes Regulares
1085;380;2;102.43;1.0;0.19183832861466366;Cazadores de Ofertas
1086;359;2;26.68;0.6221889055472263;0.0;Cazadores de Ofertas
1087;346;3;319.82;0.706022137452317;0.0;Cazadores de Ofertas
1088;478;8;266.64;1.0;0.17833033303330337;Cazadores de Ofertas
1089;61;8;603.2700000000001;0.8196330001491868;0.13266033451025244;Cazadores de Ofertas
1090;5;23;1213.93;0.20026690171591444;0.12211577273813153;Frecuentes Regulares
1091;3;3;212.65;0.0;0.0;Esporádicos Recientes
1092;10;6;554.22;0.0;0.08465952148966115;Esporádicos Recientes
1093;9;79;5865.54;0.2476396035147659;0.0631621299999659;Leales VIP / Crónicos
1094;4;32;2291.51;0.4156691439269302;0.028064464043360052;Frecuentes Regulares
1095;18;7;782.74;0.11289828039962184;0.12555893400107315;Esporádicos Recientes
1096;29;40;3171.89;0.4345674030310005;0.043844521720488416;Frecuentes Regulares
1097;394;3;84.02000000000001;1.0;0.4735777195905737;En Riesgo (Solo Medicamentos)
1099;601;29;1547.7700000000002;0.22712676948125365;0.06474476181861646;Esporádicos / Desertores
1100;463;26;2593.26;0.26206782196925876;0.06256989272190215;Esporádicos / Desertores
1101;0;98;8416.41;0.2794124810934829;0.09135724138914335;Leales VIP / Crónicos
1102;178;6;179.68;0.0;0.518699910952805;En Riesgo (Solo Medicamentos)
1103;27;68;3936.03;0.1847191205351585;0.08163555663955813;Leales VIP / Crónicos
1104;519;1;83.69;1.0;0.0;Cazadores de Ofertas
1105;13;9;286.11;0.8091992590262487;0.2152319038132187;Cazadores de Ofertas
1106;21;3;160.23;0.46976221681333086;0.2269237970417525;Esporádicos Recientes
1108;381;21;1251.22;0.24432953437445057;0.11673406755007112;Esporádicos / Desertores
1109;599;3;292.76;1.0;0.22438174614018308;Cazadores de Ofertas
1110;26;6;226.05;0.15085158150851583;0.0;Esporádicos Recientes
1112;101;3;506.25;0.0;0.0;Esporádicos Recientes
1113;17;3;221.1;0.05336951605608323;0.31506105834464043;Esporádicos Recientes
1114;0;4;259.82;0.0;0.0;Esporádicos Recientes
1116;538;6;899.23;1.0;0.007728834669661821;Cazadores de Ofertas
1117;9;33;2884.9700000000003;0.36148036201416306;0.0347247978315199;Frecuentes Regulares
1118;490;24;1658.68;0.17298695348108134;0.20554899076373984;Esporádicos / Desertores
1119;98;4;439.01;0.0;0.1479920730735063;Esporádicos Recientes
1120;12;34;2204.34;0.2920692815082972;0.03143344493136268;Frecuentes Regulares
1121;10;34;2394.61;0.4770588947678328;0.09743966658453776;Frecuentes Regulares
1122;195;5;183.38;0.20831061184425784;0.0;Esporádicos Recientes
1123;25;27;1675.95;0.2997702795429458;0.07280646797338823;Frecuentes Regulares
1124;89;11;989.35;0.3151058775964017;0.03136402688633951;Esporádicos Recientes
1125;7;3;400.34000000000003;0.42029275116151266;0.0;Esporádicos Recientes
1126;119;3;79.47;0.7994211652195797;0.0;Cazadores de Ofertas
1127;4;3;382.16999999999996;0.19135463275505665;0.21236622445508543;Esporádicos Recientes
1128;57;23;1517.23;0.062495468716015364;0.12214364335005239;Frecuentes Regulares
1129;70;6;573.9300000000001;0.0;0.0;Esporádicos Recientes
1130;126;3;123.68;1.0;0.0;Cazadores de Ofertas
1131;160;4;144.38;0.0;0.21630419725723785;Esporádicos Recientes
1132;469;2;47.26;1.0;0.18895471857807872;Cazadores de Ofertas
1133;37;3;416.79;0.18282588353847262;0.0;Esporádicos Recientes
1134;18;2;43.870000000000005;0.0;0.0;Esporádicos Recientes
1135;48;8;421.43;0.746624587713262;0.22637211399283394;Cazadores de Ofertas
1136;290;1;120.82999999999998;1.0;0.0;Cazadores de Ofertas
1138;325;9;819.86;0.8222135486546484;0.264496377430293;Cazadores de Ofertas
1140;442;2;570.96;0.0;0.03909205548549811;Esporádicos / Desertores
1141;0;37;3302.65;0.36421964180279476;0.11693942742948844;Frecuentes Regulares
1142;79;35;1731.06;0.4585514078079328;0.1344147516550553;Frecuentes Regulares
1143;335;7;361.49;0.0843453484190434;0.021466707239481037;Esporádicos / Desertores
1144;36;21;1534.07;0.14525412790811373;0.07982034718102825;Frecuentes Regulares
1145;161;5;1463.1;0.0;0.0;Esporádicos Recientes
1146;7;29;2504.88;0.3244386956660599;0.05733208776468334;Frecuentes Regulares
1147;457;2;126.59;0.0;0.0;Esporádicos / Desertores
1148;535;3;280.92;1.0;0.0;Cazadores de Ofertas
1149;7;105;7088.37;0.48695539312987335;0.07143673369194893;Leales VIP / Crónicos
1150;2;3;411.08;0.1350102169893938;0.025980344458499564;Esporádicos Recientes
1151;165;1;58.41;0.0;0.0;Esporádicos Recientes
1152;141;11;467.61;0.5902782233057462;0.33187913004426767;Cazadores de Ofertas
1153;2;64;4691.95;0.3325333816430269;0.04125150523769435;Leales VIP / Crónicos
1154;13;27;3030.03;0.24616917984310385;0.038461665396052176;Frecuentes Regulares
1155;64;15;1016.95;0.5049904125079895;0.0;Frecuentes Regulares
1156;225;11;1265.3899999999999;0.0551845676036637;0.040659401449355544;Esporádicos Recientes
1157;17;26;1718.97;0.1391763672431747;0.13090978900155326;Frecuentes Regulares
1158;28;3;87.19;0.0;0.0;Esporádicos Recientes
1159;477;10;501.28000000000003;0.6627633258857325;0.008159112671560803;Cazadores de Ofertas
1160;554;11;2074.16;0.0;0.017790334400431984;Esporádicos / Desertores
1161;11;68;4922.3;0.24120025191475528;0.08350567823984723;Leales VIP / Crónicos
1163;727;1;111.42;0.0;0.0;Esporádicos / Desertores
1164;30;4;228.26;0.0;0.0;Esporádicos Recientes
1165;357;21;834.4;0.3846476510067114;0.046332694151486095;Esporádicos / Desertores
1166;341;5;297.05;0.7818549065813836;0.0;Cazadores de Ofertas
1167;103;28;1524.03;0.1312966280191335;0.059552633478343595;Frecuentes Regulares
1168;547;4;149.43;0.0;0.3063641838988155;Esporádicos / Desertores
1169;190;1;186.7;1.0;0.0;Cazadores de Ofertas
1170;15;5;289.74;0.0;0.08604265893559743;Esporádicos Recientes
1171;133;9;1192.23;0.03180594348405928;0.13633275458594402;Esporádicos Recientes
1172;228;2;308.13;0.0;0.08058287086619284;Esporádicos Recientes
1173;56;3;85.88;0.3455985095482068;0.0;Esporádicos Recientes
1175;21;3;198.93;0.0;0.0;Esporádicos Recientes
1176;142;9;753.44;0.19036685071140377;0.010312699086854957;Esporádicos Recientes
1177;335;9;1283.3300000000002;0.0;0.017267577318382642;Esporádicos / Desertores
1178;578;2;77.64;0.0;0.0;Esporádicos / Desertores
1179;21;17;1338.68;0.6660068126811485;0.008090058863955538;Frecuentes Regulares
1180;138;10;588.44;0.038355652233022904;0.07501189586024062;Esporádicos Recientes
1181;185;3;162.41000000000003;0.31629825749645957;0.0;Esporádicos Recientes
1182;191;1;5.53;0.0;0.0;Esporádicos Recientes
1183;8;6;393.77;0.0;0.39231023186123887;Esporádicos Recientes
1184;555;9;407.64;0.0;0.3383132175448926;Esporádicos / Desertores
1185;14;9;846.24;0.3615522783134808;0.23994375118169786;Esporádicos Recientes
1186;17;23;1275.52;0.562829277471149;0.07447158805820371;Frecuentes Regulares
1187;82;8;448.16;0.2804801856479828;0.10634594787575864;Esporádicos Recientes
1188;492;5;872.1899999999999;0.09129891422740459;0.027998486568293606;Esporádicos / Desertores
1189;24;5;408.79;0.15934832065363633;0.14193106484992293;Esporádicos Recientes
1190;82;3;255.7;0.7511145874071178;0.0;Cazadores de Ofertas
1191;123;5;249.89999999999998;0.24849939975990398;0.1399359743897559;Esporádicos Recientes
1192;75;22;1845.47;0.17955317615566765;0.08433623954873284;Frecuentes Regulares
1193;19;27;3476.85;0.21105310841710168;0.05437105425888376;Frecuentes Regulares
1194;490;6;276.72;0.6737496386238797;0.0;Cazadores de Ofertas
1195;160;4;276.1;0.13082216588192686;0.0;Esporádicos Recientes
1196;26;2;21.840000000000003;1.0;1.0;En Riesgo (Solo Medicamentos)
1197;9;18;1115.48;0.41038835299601967;0.0;Frecuentes Regulares
1198;14;6;459.35;0.06718188744965711;0.029628823337324476;Esporádicos Recientes
1199;478;7;446.31;0.342721426810961;0.018283256032802314;Esporádicos / Desertores
1200;23;68;6501.8099999999995;0.37747796382853394;0.05331899886339343;Leales VIP / Crónicos
1201;530;26;1564.18;0.18540065721336418;0.21468756792696492;Esporádicos / Desertores
1202;9;97;6211.67;0.4008938015058753;0.03911347512021727;Leales VIP / Crónicos
1203;534;4;311.75;1.0;0.23403368083400164;Cazadores de Ofertas
1204;33;4;645.52;0.0;0.0;Esporádicos Recientes
1205;548;1;128.02;0.0;0.0;Esporádicos / Desertores
1206;1;28;4065.9100000000003;0.26077065158845125;0.03138042898145802;Frecuentes Regulares
1207;504;5;141.75;0.6744268077601411;0.0;Cazadores de Ofertas
1208;164;4;194.63;0.5180085290037507;0.05687715151826543;Esporádicos Recientes
1209;113;6;1148.1;0.9309380715965508;0.0;Cazadores de Ofertas
1210;703;7;422.27;0.5811210836668483;0.07857531910862718;Esporádicos / Desertores
1211;387;2;247.72;0.0;0.0;Esporádicos / Desertores
1213;13;20;2523.45;0.4025045077176088;0.054500782658661755;Frecuentes Regulares
1214;170;8;415.82;0.41428983694867977;0.049757106440286664;Esporádicos Recientes
1215;389;8;620.1;0.8699725850669247;0.015836155458796967;Cazadores de Ofertas
1216;486;1;57.06;0.0;0.0;Esporádicos / Desertores
1217;56;26;2799.47;0.178290890775754;0.03138093996363597;Frecuentes Regulares
1218;708;3;60.33;1.0;0.0;Cazadores de Ofertas
1219;274;55;4833.59;0.528954669303768;0.05619218841482211;Leales VIP / Crónicos
1220;46;5;382.18;0.1434664294311581;0.35441415040033486;Esporádicos Recientes
1221;117;8;735.23;1.0;0.0038083320865579477;Cazadores de Ofertas
1222;41;19;1618.12;0.48264034805824046;0.046337725261414484;Frecuentes Regulares
1223;302;3;506.04999999999995;1.0;0.0;Cazadores de Ofertas
1224;371;3;62.73;0.30416068866571017;0.37924438067910093;En Riesgo (Solo Medicamentos)
1225;8;7;831.6099999999999;0.0;0.07335169129760345;Esporádicos Recientes
1226;2;86;5619.84;0.2722942290171962;0.10379832877804351;Leales VIP / Crónicos
1227;141;4;116.53999999999999;0.0;0.025484812081688693;Esporádicos Recientes
1228;173;1;318.88;0.0;0.0;Esporádicos Recientes
1230;628;25;1819.2;0.41027924362357077;0.03576846965699208;Esporádicos / Desertores
1231;170;5;249.05;0.5115037141136318;0.09182895001003814;Esporádicos Recientes
1232;49;32;2345.92;0.4697730527895239;0.18772166143773017;Frecuentes Regulares
1233;445;5;651.88;0.0;0.1345646437994723;Esporádicos / Desertores
1234;663;3;410.62;0.0;0.0;Esporádicos / Desertores
1235;133;18;1234.07;0.17118964078212742;0.14303078431531438;Esporádicos Recientes
1236;712;4;414.99;0.0;0.11578592255235065;Esporádicos / Desertores
1237;99;17;1256.72;0.1172417085747024;0.01933604939843402;Esporádicos Recientes
1238;14;29;2977.48;0.1246994102395314;0.026556013810336256;Frecuentes Regulares
1239;16;5;228.6;0.0;0.09798775153105861;Esporádicos Recientes
1240;385;8;363.49;0.3310132328262126;0.08533934908800793;Esporádicos / Desertores
1241;421;5;416.55;0.10678189893170087;0.275237066378586;Esporádicos / Desertores
1242;4;30;3116.75;0.23205582738429453;0.03465468837731612;Frecuentes Regulares
1243;104;24;1714.42;0.39853128171626556;0.017498629274040202;Frecuentes Regulares
1244;150;8;438.98;0.32457059547131983;0.08891065652193722;Esporádicos Recientes
1245;165;1;128.82;0.0;0.0;Esporádicos Recientes
1247;94;6;156.4;0.5741048593350384;0.2824168797953964;Esporádicos Recientes
1248;166;4;929.3199999999999;0.0;0.0;Esporádicos Recientes
1249;87;4;543.54;0.0;0.014111196968024433;Esporádicos Recientes
1250;607;4;91.53;0.2920353982300885;0.0;Esporádicos / Desertores
1251;12;4;414.27;0.0;0.0;Esporádicos Recientes
1252;69;17;1860.91;0.07927841754840373;0.05805224325733109;Frecuentes Regulares
1253;625;4;310.64;0.0;0.04419907288179243;Esporádicos / Desertores
1254;41;9;860.55;0.21372378130265532;0.0701760502004532;Esporádicos Recientes
1255;319;5;277.37;0.025777841871867904;0.0;Esporádicos / Desertores
1256;39;6;187.12;0.8146109448482257;0.3689610944848225;Cazadores de Ofertas
1257;652;4;798.6700000000001;0.0;0.0;Esporádicos / Desertores
1258;4;23;1831.21;0.13960714500248467;0.061287345525636056;Frecuentes Regulares
1259;67;1;34.42;0.0;0.0;Esporádicos Recientes
1260;133;6;416.76;0.054851713216239564;0.01941165178999904;Esporádicos Recientes
1262;688;2;98.43;0.0;0.0;Esporádicos / Desertores
1263;573;64;4243.76;0.40982289290629065;0.09704130299545685;Leales VIP / Crónicos
1264;10;38;2572.49;0.3330275336347275;0.055930246570443425;Frecuentes Regulares
1265;245;6;134.75;0.20037105751391465;0.0;Esporádicos Recientes
1266;248;1;29.44;0.0;0.0;Esporádicos Recientes
1267;154;5;264.82;0.3576013896231402;0.26686050902499814;Esporádicos Recientes
1268;122;3;224.54;1.0;0.32706867373296516;Cazadores de Ofertas
1269;195;4;754.04;0.03860537902498541;0.03860537902498541;Esporádicos Recientes
1270;661;4;679.28;0.24930809091979747;0.0;Esporádicos / Desertores
1271;151;4;350.91999999999996;0.0;0.18955887381739428;Esporádicos Recientes
1272;169;1;33.47;0.0;1.0;En Riesgo (Solo Medicamentos)
1273;33;2;80.72999999999999;1.0;0.16771955902390687;Cazadores de Ofertas
1274;229;5;223.23000000000002;0.6092819065537786;0.18631008377010258;Cazadores de Ofertas
1275;676;7;311.43;0.3009022894390393;0.06097678451016279;Esporádicos / Desertores
1276;49;4;304.93;0.0;0.0;Esporádicos Recientes
1277;338;23;1281.0;0.5484699453551912;0.027509758001561278;Cazadores de Ofertas
1278;508;2;98.6;0.0;0.0;Esporádicos / Desertores
1279;416;4;144.85999999999999;0.0;0.26957061990887754;Esporádicos / Desertores
1280;29;20;1238.55;0.6353800815469703;0.06076460377053813;Frecuentes Regulares
1281;415;4;119.05;0.0;0.5931961360772785;En Riesgo (Solo Medicamentos)
1282;5;81;6231.89;0.3116101214880237;0.0943453751590609;Leales VIP / Crónicos
1283;449;102;6121.55;0.42051441219952457;0.08462072514314185;Leales VIP / Crónicos
1284;686;1;290.04;0.0;0.0;Esporádicos / Desertores
1285;54;25;1270.05;0.37978032360930675;0.011314515176567851;Frecuentes Regulares
1286;167;4;480.02;0.0;0.04924794800216658;Esporádicos Recientes
1287;33;3;131.54;0.702904059601642;0.0;Cazadores de Ofertas
1288;137;4;309.43;0.4829848430986007;0.548427754257829;En Riesgo (Solo Medicamentos)
1289;232;22;2299.49;0.7036473304950228;0.050793871684590944;Frecuentes Regulares
1290;10;26;1343.45;0.18317763965908668;0.10868286873348468;Frecuentes Regulares
1291;455;1;174.23999999999998;1.0;0.0;Cazadores de Ofertas
1292;15;4;578.5600000000002;0.0;0.0;Esporádicos Recientes
1293;54;5;409.79;0.0;0.042607189048049;Esporádicos Recientes
1294;78;5;175.43;0.2016188793250869;0.355070398449524;Esporádicos Recientes
1295;633;85;4936.36;0.29296688248020814;0.12129990519330033;Leales VIP / Crónicos
1296;522;5;902.35;0.525915664653405;0.0;Esporádicos / Desertores
1297;310;4;298.99;0.0;0.39660189303990095;En Riesgo (Solo Medicamentos)
1298;67;3;995.02;0.0;0.0;Esporádicos Recientes
1299;170;1;63.68;0.0;0.0;Esporádicos Recientes
1300;21;8;610.36;0.6531718985516745;0.04249950848679467;Cazadores de Ofertas
1301;34;5;48.94;0.20065386187167958;0.10727421332243564;Esporádicos Recientes
1302;617;2;182.98999999999998;0.2061861303896388;0.0;Esporádicos / Desertores
1303;11;14;1338.55;0.2565238504351724;0.06152179597325464;Esporádicos Recientes
1304;1;35;2289.17;0.40928808258014915;0.13930376512010903;Frecuentes Regulares
1305;7;40;2135.3;0.6244649463775581;0.02107900529199644;Frecuentes Regulares
1306;7;5;725.37;0.22814563602023796;0.06451879730344513;Esporádicos Recientes
1307;115;5;580.01;0.7223151324977154;0.09401562042033758;Cazadores de Ofertas
1308;186;1;23.74;0.0;1.0;En Riesgo (Solo Medicamentos)
1309;169;5;617.58;0.08763237151462158;0.0;Esporádicos Recientes
1310;105;3;107.61;1.0;0.7415667688876498;En Riesgo (Solo Medicamentos)
1311;364;16;1147.54;0.26762465796399254;0.028382452899245344;Esporádicos / Desertores
1312;170;6;375.06;0.4932277502266304;0.0;Esporádicos Recientes
1313;696;1;88.84;0.0;1.0;En Riesgo (Solo Medicamentos)
1314;211;7;226.61;0.7356692114205021;0.31247517761793386;Cazadores de Ofertas
1315;128;13;1413.6200000000001;0.09154511113311922;0.09325702805563023;Esporádicos Recientes
1316;472;6;242.85000000000002;0.04788964381305332;0.2973028618488779;Esporádicos / Desertores
1317;253;17;1215.23;0.4772100754589666;0.008113690412514503;Frecuentes Regulares
1318;387;6;346.33000000000004;0.574278866976583;0.22290878641757858;Cazadores de Ofertas
1319;52;29;2133.66;0.20704329649522418;0.015836637514880535;Frecuentes Regulares
1320;674;2;251.86999999999998;0.0;0.042601341962123326;Esporádicos / Desertores
1321;583;2;95.39;0.4763602054722717;0.0;Esporádicos / Desertores
1322;31;26;1781.95;0.39585846965403065;0.011251718622856982;Frecuentes Regulares
1323;8;96;7669.62;0.36647187213968885;0.07499067750423098;Leales VIP / Crónicos
1324;271;2;110.76;0.0;0.11646803900325027;Esporádicos Recientes
1325;529;1;24.48;1.0;0.0;Cazadores de Ofertas
1326;26;1;42.51;0.0;1.0;En Riesgo (Solo Medicamentos)
1327;195;4;218.48;0.0;0.0;Esporádicos Recientes
1328;585;2;491.71;1.0;0.030810843790038844;Cazadores de Ofertas
1329;701;8;704.0500000000001;0.4015623890348697;0.0;Esporádicos / Desertores
1330;267;2;11.18;0.0;0.2889087656529517;Esporádicos Recientes
1331;122;32;2026.78;0.46989806491084385;0.12741392751063263;Frecuentes Regulares
1332;99;15;594.26;0.4315787702352506;0.18278194729579647;Esporádicos Recientes
1333;26;31;3188.1800000000003;0.37597626231894055;0.03758570720599213;Frecuentes Regulares
1334;164;5;678.0800000000002;0.3093440302029259;0.049787635677206225;Esporádicos Recientes
1335;682;97;7573.39;0.30326973785847555;0.08513756719249899;Leales VIP / Crónicos
1336;10;3;282.33000000000004;0.7683561789395388;0.0;Cazadores de Ofertas
1337;353;9;756.03;1.0;0.010528682724230522;Cazadores de Ofertas
1338;133;4;245.0;0.0;0.1990204081632653;Esporádicos Recientes
1339;40;24;2325.8;0.22746581821308792;0.05568406569782439;Frecuentes Regulares
1340;177;6;228.53;0.0;0.1797138231304424;Esporádicos Recientes
1341;178;7;576.8100000000001;0.5594043099114093;0.0;Cazadores de Ofertas
1342;340;7;234.22;0.16659550849628557;0.046195884211425155;Esporádicos / Desertores
1343;57;6;198.91;0.0;0.0;Esporádicos Recientes
1344;190;4;218.13;1.0;0.0;Cazadores de Ofertas
1345;20;24;2212.11;0.2479261881190357;0.05828824063902789;Frecuentes Regulares
1346;314;7;307.78;0.7349405419455455;0.3806615114692312;Cazadores de Ofertas
1347;440;33;1794.27;0.24424417729773112;0.0726535025386369;Esporádicos / Desertores
1348;83;7;380.58;0.6344789531767302;0.2736349781911819;Cazadores de Ofertas
1349;212;8;260.73;0.35105281325509147;0.0;Esporádicos Recientes
1350;214;5;624.1800000000001;0.746018776634945;0.0;Cazadores de Ofertas
1351;119;1;45.97;1.0;0.0;Cazadores de Ofertas
1353;378;1;18.68;1.0;0.0;Cazadores de Ofertas
1355;85;28;1839.53;0.20510673922143158;0.07239892798704017;Frecuentes Regulares
1356;148;4;199.82;0.0;0.1691021919727755;Esporádicos Recientes
1357;26;10;408.79;0.29606888622520117;0.1158296435822794;Esporádicos Recientes
1358;87;5;299.78000000000003;0.060277536860364266;0.0;Esporádicos Recientes
1359;344;2;238.0;1.0;0.0;Cazadores de Ofertas
1360;304;90;8089.31;0.3479048274821956;0.04964947566603332;Leales VIP / Crónicos
1361;547;76;6172.23;0.23346019185934416;0.023309241554511095;Leales VIP / Crónicos
1362;223;2;149.07999999999998;0.0;0.0;Esporádicos Recientes
1363;20;38;2075.35;0.2856915700966102;0.14937239501770785;Frecuentes Regulares
1364;30;10;383.19;0.5604791356768183;0.0;Esporádicos Recientes
1365;358;4;211.57999999999998;0.3193118442196805;0.0;Esporádicos / Desertores
1366;24;3;99.78;0.5955101222689918;0.24493886550410904;Esporádicos Recientes
1367;105;4;249.43;1.0;0.18562322094375175;Cazadores de Ofertas
1368;547;2;122.69999999999999;0.0;0.0;Esporádicos / Desertores
1369;171;19;1565.33;0.6041218145694519;0.06487449930685542;Frecuentes Regulares
1370;446;7;624.47;0.0;0.0254936185885631;Esporádicos / Desertores
1371;188;6;337.13;0.897813899682615;0.18948180227212055;Cazadores de Ofertas
1372;252;2;74.51;0.0;0.0;Esporádicos Recientes
1373;26;33;2996.5;0.08423160353746037;0.005339562823293843;Frecuentes Regulares
1374;175;1;17.76;0.0;0.0;Esporádicos Recientes
1375;152;6;535.3;0.27597608817485525;0.008406501027461237;Esporádicos Recientes
1376;55;7;460.95;0.31059767870701815;0.12300683371298407;Esporádicos Recientes
1377;8;18;2077.74;0.2420851502112873;0.03459528141153369;Frecuentes Regulares
1379;139;3;301.73;0.7197494448679282;0.0;Cazadores de Ofertas
1381;513;6;193.62;0.3216609854353889;0.09069311021588677;Esporádicos / Desertores
1382;4;6;283.5;0.2631393298059965;0.290299823633157;Esporádicos Recientes
1383;100;4;290.64000000000004;0.11650151390035782;0.11650151390035782;Esporádicos Recientes
1384;2;19;1462.8;0.46490976210008206;0.03208230790265245;Frecuentes Regulares
1385;26;21;1241.9;0.4461872936629358;0.12145905467428939;Frecuentes Regulares
1386;52;24;1616.7;0.40520195459887426;0.02221191315642976;Frecuentes Regulares
1387;40;4;176.72;1.0;0.17185377999094614;Cazadores de Ofertas
1388;139;5;60.21;1.0;0.20627802690582958;Cazadores de Ofertas
1389;1;88;6736.63;0.2653700737609161;0.0762502913177657;Leales VIP / Crónicos
1390;448;1;968.64;0.0;0.0;Esporádicos / Desertores
1391;521;1;189.86;1.0;0.0;Cazadores de Ofertas
1392;8;20;1686.21;0.18325712692962323;0.05466697505055716;Frecuentes Regulares
1393;484;2;140.18;0.0;0.0;Esporádicos / Desertores
1394;447;1;101.76;0.0;0.0;Esporádicos / Desertores
1395;24;2;114.56;0.3035090782122905;0.0;Esporádicos Recientes
1396;350;5;887.0600000000001;0.34730457917164564;0.01517371992875341;Esporádicos / Desertores
1397;61;20;2756.76;0.461008575284029;0.023186639388267382;Frecuentes Regulares
1398;487;5;642.42;0.3589085022259581;0.03767006008530245;Esporádicos / Desertores
1399;660;3;864.09;0.0;0.0;Esporádicos / Desertores
1401;20;77;5526.7300000000005;0.4329648815845898;0.09870212585018627;Leales VIP / Crónicos
1402;511;4;479.19;0.1320979152319539;0.01158204470043198;Esporádicos / Desertores
1403;364;4;386.14000000000004;1.0;0.0;Cazadores de Ofertas
1404;8;5;486.31;0.0;0.09820896136209413;Esporádicos Recientes
1405;23;8;875.39;0.0;0.009047396017774935;Esporádicos Recientes
1406;131;3;136.65;0.0;0.2084156604463959;Esporádicos Recientes
1407;207;5;335.1;0.0;0.2942703670546105;Esporádicos Recientes
1409;460;4;469.89;0.8064653429526061;0.07135712613590416;Cazadores de Ofertas
1410;68;6;247.45;0.14633259244291777;0.31133562335825415;Esporádicos Recientes
1411;73;2;33.39000000000001;1.0;0.08295896975142256;Cazadores de Ofertas
1412;579;31;1941.18;0.298354609052226;0.01028755705292657;Esporádicos / Desertores
1414;145;74;4644.01;0.3620685571305833;0.08654804791548683;Leales VIP / Crónicos
1415;215;6;475.81;0.1098757907568147;0.15111073747924592;Esporádicos Recientes
1416;6;6;340.84;0.08094707193991317;0.0;Esporádicos Recientes
1417;447;7;627.01;0.0;0.26307395416341045;Esporádicos / Desertores
1418;46;21;1694.47;0.45116172018389233;0.030871009814278212;Frecuentes Regulares
1419;614;4;342.31;0.0;0.14183050451345272;Esporádicos / Desertores
1420;6;19;1417.76;0.24000536056878455;0.04243313395779258;Frecuentes Regulares
1422;21;7;764.9;0.577487253235717;0.03810955680481109;Esporádicos Recientes
1423;116;21;1466.77;0.11112171642452465;0.044880928843649665;Frecuentes Regulares
1424;63;30;3398.54;0.27868437623214676;0.017145597815532553;Frecuentes Regulares
1425;423;1;5.74;1.0;0.0;Cazadores de Ofertas
1426;372;7;700.34;0.9119284918753747;0.3340805894279921;Cazadores de Ofertas
1427;25;5;175.82;0.25355477192583326;0.0;Esporádicos Recientes
1428;89;36;2571.79;0.24685919145808946;0.0679565594391455;Frecuentes Regulares
1429;3;26;1788.42;0.11548182194339136;0.0875185918296597;Frecuentes Regulares
1430;537;5;135.62;0.2429582657425158;0.0;Esporádicos / Desertores
1431;444;1;6.1;0.0;1.0;En Riesgo (Solo Medicamentos)
1432;360;2;67.30000000000001;1.0;0.5046062407132242;En Riesgo (Solo Medicamentos)
1433;222;1;49.0;0.0;0.0;Esporádicos Recientes
1434;190;32;2465.25;0.2611134773349559;0.03543656829936113;Frecuentes Regulares
1435;494;23;2560.47;0.1654696208118041;0.0022847367866055844;Esporádicos / Desertores
1436;80;7;999.6;0.037224889955982395;0.0;Esporádicos Recientes
1437;179;6;1038.6399999999999;0.0;0.010600400523761844;Esporádicos Recientes
1438;28;26;1110.1399999999999;0.4893797178734214;0.198605581278037;Frecuentes Regulares
1439;684;9;958.11;0.9868908580434398;0.05659057936980096;Cazadores de Ofertas
1440;256;6;230.03000000000003;0.6543059600921618;0.0647306873016563;Cazadores de Ofertas
1441;226;4;157.35000000000002;0.0;0.0;Esporádicos Recientes
1444;21;6;303.89;0.07614597387212478;0.11112573628615618;Esporádicos Recientes
1445;75;7;536.85;0.8584520815870355;0.03442302319083542;Cazadores de Ofertas
1446;211;3;296.46;0.0;0.08628482763273293;Esporádicos Recientes
1447;186;2;33.53;0.0;0.09394572025052192;Esporádicos Recientes
1448;372;2;24.84;0.0;0.0;Esporádicos / Desertores
1450;333;1;48.370000000000005;1.0;0.0;Cazadores de Ofertas
1451;592;8;276.15;0.9332971211298209;0.16233930834691293;Cazadores de Ofertas
1452;536;3;181.75;1.0;0.5973039889958734;En Riesgo (Solo Medicamentos)
1453;330;10;604.17;0.20552162470827748;0.32221063607924927;Esporádicos / Desertores
1454;48;7;905.38;0.3879807373699441;0.0;Esporádicos Recientes
1456;4;24;1528.3400000000001;0.5025190729811428;0.009160265385974324;Frecuentes Regulares
1457;88;9;769.19;0.7160649514424263;0.054745901532781235;Cazadores de Ofertas
1458;145;7;512.38;0.4393418946875366;0.0;Esporádicos Recientes
1459;157;7;423.4;0.0;0.0;Esporádicos Recientes
1460;106;6;314.69;1.0;0.0;Cazadores de Ofertas
1461;634;1;99.08;0.0;0.0;Esporádicos / Desertores
1462;341;7;280.97;0.7768800939602092;0.0;Cazadores de Ofertas
1463;1;80;6843.7;0.32036471499335156;0.0710770489647413;Leales VIP / Crónicos
1464;197;6;464.25;0.6429294561120087;0.042907915993537965;Cazadores de Ofertas
1465;152;1;10.56;0.0;1.0;En Riesgo (Solo Medicamentos)
1466;612;20;2149.28;0.6020295168614606;0.04971897565696419;Esporádicos / Desertores
1467;250;3;143.09;0.0;0.0;Esporádicos Recientes
1468;208;6;133.04;0.5741130487071557;0.04186710763680097;Cazadores de Ofertas
1470;119;3;92.28999999999999;1.0;0.0;Cazadores de Ofertas
1471;545;1;131.22;0.0;1.0;En Riesgo (Solo Medicamentos)
1472;555;6;629.27;0.0;0.03593052266912454;Esporádicos / Desertores
1474;235;4;322.62;1.0;0.0;Cazadores de Ofertas
1475;50;5;262.16;0.36962160512664016;0.0;Esporádicos Recientes
1476;364;3;281.58;1.0;0.2800269905533063;Cazadores de Ofertas
1478;264;24;971.86;0.5427427818821641;0.12869137530096927;Frecuentes Regulares
1479;570;1;25.91;0.0;0.0;Esporádicos / Desertores
1480;38;9;515.3399999999999;0.12337485931617963;0.32388326153607333;Esporádicos Recientes
1481;120;24;1489.37;0.4185595251683598;0.07912070204180292;Frecuentes Regulares
1482;135;2;49.82;0.7717784022480932;0.0;Cazadores de Ofertas
1483;31;12;570.13;0.06975602055671513;0.07028221633662499;Esporádicos Recientes
1484;230;4;516.23;0.35276911454196774;0.0;Esporádicos Recientes
1485;439;2;101.66;0.0;0.0;Esporádicos / Desertores
1486;394;2;248.55;0.5954133977066989;0.0;Cazadores de Ofertas
1487;20;64;5681.09;0.051954818529542736;0.032893335609891765;Leales VIP / Crónicos
1488;117;1;100.61;0.0;0.0;Esporádicos Recientes
1490;24;1;127.41;1.0;0.0;Cazadores de Ofertas
1491;530;1;232.23;1.0;0.0;Cazadores de Ofertas
1492;22;4;124.23;0.8613056427593979;0.0;Cazadores de Ofertas
1493;179;8;617.61;0.0717443046582795;0.0946552031217111;Esporádicos Recientes
1494;385;7;299.72999999999996;0.6247289226970941;0.0;Cazadores de Ofertas
1495;345;1;38.93;1.0;1.0;En Riesgo (Solo Medicamentos)
1496;54;14;701.3;0.14654213603308144;0.12459717667189506;Esporádicos Recientes
1497;29;16;897.66;0.8418777710937325;0.08218033553906824;Cazadores de Ofertas
1498;272;8;545.95;0.29350673138565797;0.30898433922520374;Esporádicos Recientes
1499;6;35;2106.61;0.25227260859864903;0.11954751947441625;Frecuentes Regulares
1500;640;3;259.37;0.0;0.029455989513050854;Esporádicos / Desertores
1501;302;3;137.0;0.3308029197080292;0.0;Esporádicos Recientes
1502;133;6;382.3;0.3358095736332723;0.0;Esporádicos Recientes
1503;188;5;131.68;0.09356014580801944;0.369228432563791;Esporádicos Recientes
1504;3;3;174.07;0.0;0.0;Esporádicos Recientes
1505;670;1;7.36;0.0;1.0;En Riesgo (Solo Medicamentos)
1506;176;62;3948.67;0.187442860507462;0.03457873157290935;Leales VIP / Crónicos
1507;3;6;535.1999999999999;0.0;0.0;Esporádicos Recientes
1508;8;17;874.22;0.5489121731371965;0.06971929262656998;Frecuentes Regulares
1510;17;5;435.28000000000003;0.0;0.04868130858298107;Esporádicos Recientes
1511;171;7;608.74;0.6756907711009627;0.0946216775634918;Cazadores de Ofertas
1512;166;4;483.16999999999996;0.0;0.0;Esporádicos Recientes
1513;46;23;1446.72;0.4884981198849812;0.04626327140013272;Frecuentes Regulares
1514;342;30;1596.13;0.7533346281317937;0.05766447595120698;Cazadores de Ofertas
1515;565;1;10.97;0.0;0.0;Esporádicos / Desertores
1516;3;29;2828.54;0.2602155175461546;0.02912456603053165;Frecuentes Regulares
1517;68;1;72.46;0.0;1.0;En Riesgo (Solo Medicamentos)
1518;191;5;412.11;0.020965276261192402;0.03280677489019922;Esporádicos Recientes
1519;390;5;166.10999999999999;0.2630184817289748;0.5642044428390826;En Riesgo (Solo Medicamentos)
1520;155;5;265.86;0.3230271571503799;0.1752049951102084;Esporádicos Recientes
1521;716;6;228.60999999999999;0.1768076637067495;0.0;Esporádicos / Desertores
1522;174;3;77.97;0.18455816339617803;1.0;En Riesgo (Solo Medicamentos)
1523;532;4;908.6099999999999;0.2654053994563124;0.0;Esporádicos / Desertores
1524;191;95;6048.96;0.30149645558905996;0.09870457070306302;Leales VIP / Crónicos
1525;74;13;1026.77;0.796682801406352;0.02287756751755505;Cazadores de Ofertas
1527;15;33;1840.99;0.7127360822166333;0.07413945757445721;Frecuentes Regulares
1528;350;2;1085.63;0.9332092886158266;0.0;Cazadores de Ofertas
1529;444;10;888.2099999999999;0.0;0.0220555949606512;Esporádicos / Desertores
1530;495;7;195.48;0.0;0.08901166359729895;Esporádicos / Desertores
1531;385;2;510.4;0.0;0.0;Esporádicos / Desertores
1532;58;1;36.04;0.0;0.0;Esporádicos Recientes
1533;369;5;337.21999999999997;0.4205563133859202;0.008154913706185873;Esporádicos / Desertores
1534;218;4;171.03;0.5859205987253697;0.34420861837104594;Cazadores de Ofertas
1535;410;28;3132.67;0.23891121631068707;0.008720995189407119;Frecuentes Regulares
1536;141;25;2683.76;0.4813135302709631;0.06888842519450322;Frecuentes Regulares
1538;44;6;277.27;0.1860280592923865;0.0;Esporádicos Recientes
1539;293;34;3174.37;0.6570847128721604;0.005736571351165743;Frecuentes Regulares
1540;14;21;1214.38;0.3288921095538464;0.09292807852566741;Frecuentes Regulares
1541;15;14;1137.58;0.05608396772095149;0.06490972063503227;Esporádicos Recientes
1542;344;28;1430.07;0.47580887648856357;0.12369324578517137;Frecuentes Regulares
1543;725;1;29.49;1.0;0.0;Cazadores de Ofertas
1544;58;32;2875.5299999999997;0.1776020420583336;0.026450776030853447;Frecuentes Regulares
1545;7;3;418.29999999999995;0.0;0.10860626344728665;Esporádicos Recientes
1546;24;8;827.94;0.02612508152764693;0.043807522284223493;Esporádicos Recientes
1548;454;7;657.3100000000001;0.8079901416378877;0.10150461730385966;Cazadores de Ofertas
1549;176;8;498.87;0.18958846994206907;0.0;Esporádicos Recientes
1550;317;4;608.3199999999999;0.9885915307732773;0.01004405576012625;Cazadores de Ofertas
1551;376;6;195.53;0.9850662302459982;0.014933769754001944;Cazadores de Ofertas
1552;75;6;304.19;0.08133074723034946;0.0;Esporádicos Recientes
1553;676;2;54.06;0.0;0.0;Esporádicos / Desertores
1554;598;69;6027.55;0.3642027025906048;0.03415483903078365;Leales VIP / Crónicos
1555;12;28;2530.67;0.005587453125061743;0.06725491668214345;Frecuentes Regulares
1556;50;20;1813.47;0.30634088239673113;0.04805703981869014;Frecuentes Regulares
1557;425;1;109.15;1.0;0.0;Cazadores de Ofertas
1558;311;2;200.97;0.0;0.0;Esporádicos / Desertores
1560;533;8;462.41;0.0;0.09969507579853376;Esporádicos / Desertores
1561;575;2;45.68;0.8264010507880911;0.0;Cazadores de Ofertas
1563;15;4;239.41;0.0;0.08420700889687148;Esporádicos Recientes
1564;3;38;1987.02;0.28906603859045205;0.10852935551730733;Frecuentes Regulares
1565;66;5;223.53;0.0;0.08464188252136179;Esporádicos Recientes
1566;46;25;1550.58;0.42153903700550766;0.11332533632576197;Frecuentes Regulares
1567;281;4;85.75;1.0;0.07276967930029155;Cazadores de Ofertas
1568;623;4;318.13;0.333794360795901;0.14842988715305064;Esporádicos / Desertores
1569;96;4;393.09999999999997;0.0;0.00824217756296108;Esporádicos Recientes
1570;15;6;491.68;0.23114627399934917;0.0;Esporádicos Recientes
1571;461;8;887.58;0.3687216926924897;0.03964713039951328;Esporádicos / Desertores
1572;373;4;189.32999999999998;1.0;0.0;Cazadores de Ofertas
1573;7;9;408.9;0.3979457079970653;0.0;Esporádicos Recientes
1574;457;4;487.07;0.0;0.0;Esporádicos / Desertores
1575;436;28;1818.75;0.34384604810996566;0.03588178694158076;Esporádicos / Desertores
1576;210;34;2804.86;0.7654998823470689;0.054583829495946326;Frecuentes Regulares
1577;55;6;656.91;0.8003075002663986;0.013365605638519736;Cazadores de Ofertas
1578;170;6;281.90000000000003;0.36739978715856686;0.0;Esporádicos Recientes
1579;240;4;356.65;0.0;0.0;Esporádicos Recientes
1581;405;6;545.67;0.6723660820642513;0.16542965528616196;Cazadores de Ofertas
1582;478;5;468.97;0.4403693199991471;0.048617182335757084;Esporádicos / Desertores
1583;4;26;1331.02;0.19650343345704796;0.1324848612342414;Frecuentes Regulares
1584;169;4;152.29;0.0;0.17295948519272442;Esporádicos Recientes
1585;377;4;111.49000000000001;1.0;0.0345322450443986;Cazadores de Ofertas
1586;0;34;3499.8;0.2541516658094748;0.03156180353163038;Frecuentes Regulares
1587;28;13;848.71;0.09871451968281274;0.034805764041898876;Esporádicos Recientes
1588;42;4;309.22999999999996;0.03531352068039971;0.3111599780098956;Esporádicos Recientes
1589;429;5;817.36;0.0;0.04984339825780562;Esporádicos / Desertores
1590;1;23;1640.72;0.26577965771124873;0.07182212687112975;Frecuentes Regulares
1591;703;1;30.2;0.0;0.0;Esporádicos / Desertores
1592;410;1;225.76;0.0;0.0;Esporádicos / Desertores
1593;39;14;442.15;0.5291190772362321;0.06425421237136719;Esporádicos Recientes
1595;162;3;218.5;0.0;0.10704805491990847;Esporádicos Recientes
1596;392;3;265.47;1.0;0.1441970844163182;Cazadores de Ofertas
1598;125;3;137.8;1.0;0.0;Cazadores de Ofertas
1599;389;6;300.06;0.3041058454975671;0.0;Esporádicos / Desertores
1600;9;15;1038.15;0.3542359003997495;0.1869383037133362;Esporádicos Recientes
1601;45;61;3879.01;0.5067143420615053;0.059760093425899906;Leales VIP / Crónicos
1602;206;2;125.54;0.150071690297913;0.0;Esporádicos Recientes
1603;243;1;28.81;1.0;0.0;Cazadores de Ofertas
1604;213;5;492.72999999999996;0.289895074381507;0.0;Esporádicos Recientes
1605;678;2;94.5;0.0;0.0;Esporádicos / Desertores
1606;522;2;74.36;1.0;0.30137170521785905;Cazadores de Ofertas
1607;5;3;354.06;0.0;0.2278427385188951;Esporádicos Recientes
1609;463;2;241.27000000000004;1.0;0.06784929746756743;Cazadores de Ofertas
1610;166;4;221.63;0.009294770563551866;0.009294770563551866;Esporádicos Recientes
1611;23;12;1165.78;0.04501707011614541;0.03521247576729743;Esporádicos Recientes
1612;442;5;245.58;0.0;0.0;Esporádicos / Desertores
1613;351;6;479.4;0.0;0.061368377138089285;Esporádicos / Desertores
1614;73;6;160.5;0.0;0.01850467289719626;Esporádicos Recientes
1615;303;8;307.92;0.8689269940244219;0.1540984671343206;Cazadores de Ofertas
1616;172;1;35.61;0.0;0.0;Esporádicos Recientes
1618;32;4;190.04;0.4879499052830983;0.0;Esporádicos Recientes
1619;60;18;1358.8799999999999;0.6187301306958672;0.08178794301189216;Frecuentes Regulares
1620;2;4;348.39;0.0;0.0;Esporádicos Recientes
1621;88;4;562.35;0.0;0.0;Esporádicos Recientes
1622;369;18;1596.77;0.7139913700783457;0.049562554406708544;Cazadores de Ofertas
1623;35;7;475.25;0.6976749079431878;0.09083640189374013;Cazadores de Ofertas
1624;1;105;7327.64;0.20435501744081314;0.05830253669667178;Leales VIP / Crónicos
1625;648;2;199.21;0.7715978113548517;0.0;Cazadores de Ofertas
1626;534;13;1327.76;0.7783936856058323;0.035284991263481356;Cazadores de Ofertas
1627;365;3;279.0;0.21734767025089605;0.0;Esporádicos / Desertores
1629;36;2;22.88;0.32692307692307687;0.0;Esporádicos Recientes
1630;2;4;144.16;0.0;0.2607519422863485;Esporádicos Recientes
1631;59;21;918.82;0.10461243769182212;0.17620426198820224;Esporádicos Recientes
1632;40;3;100.51;0.2109242861406825;0.0;Esporádicos Recientes
1633;430;1;89.68;0.0;0.0;Esporádicos / Desertores
1634;83;3;293.27000000000004;0.9616394448801446;0.0;Cazadores de Ofertas
1635;712;7;153.67000000000002;0.3623348734300774;0.0;Esporádicos / Desertores
1636;462;4;166.24;0.11278873917228104;0.014376804619826756;Esporádicos / Desertores
1637;606;2;187.52;0.9392064846416383;0.06079351535836177;Cazadores de Ofertas
1638;688;28;1335.3500000000001;0.6989628187366608;0.12255213988841873;Esporádicos / Desertores
1639;16;4;274.93;0.27003237187647766;0.0;Esporádicos Recientes
1640;380;6;446.6;0.0;0.10107478728168383;Esporádicos / Desertores
1641;352;3;952.5800000000002;0.9737764807155305;0.026223519284469542;Cazadores de Ofertas
1642;159;4;76.7;0.0;0.0;Esporádicos Recientes
1643;648;3;100.68;0.0;0.6102502979737783;En Riesgo (Solo Medicamentos)
1644;120;7;368.64000000000004;0.6478949652777777;0.058620876736111105;Cazadores de Ofertas
1645;108;4;628.34;0.07739440430340262;0.0;Esporádicos Recientes
1646;352;2;132.78;1.0;0.7675854797409248;En Riesgo (Solo Medicamentos)
1647;130;5;245.89;0.06193826507788036;0.09008093049737688;Esporádicos Recientes
1648;599;6;351.18;0.0;0.0;Esporádicos / Desertores
1649;52;10;421.90000000000003;0.0;0.23204550841431618;Esporádicos Recientes
1650;240;9;345.9;0.9588031222896791;0.381786643538595;Cazadores de Ofertas
1651;373;1;37.32;0.0;0.0;Esporádicos / Desertores
1652;254;5;218.81;0.0;0.2045610346876285;Esporádicos Recientes
1653;79;3;203.48;0.052683310399056424;0.0;Esporádicos Recientes
1655;199;5;523.94;0.0;0.13219070885979312;Esporádicos Recientes
1656;540;22;1039.32;0.17319016279875304;0.09719816803294462;Esporádicos / Desertores
1657;412;8;711.44;0.45174575508827164;0.14777071854267398;Esporádicos / Desertores
1658;31;77;7039.27;0.36170369938928326;0.09130208103965326;Leales VIP / Crónicos
1659;8;90;7996.82;0.38166921351237115;0.06802579025162503;Leales VIP / Crónicos
1660;214;7;290.66;0.41952797082501886;0.15702195004472577;Esporádicos Recientes
1661;25;13;515.09;0.38463181191636414;0.06647382010910713;Esporádicos Recientes
1663;553;1;39.6;0.0;0.0;Esporádicos / Desertores
1665;6;3;23.23;0.0;0.33706414119672834;Esporádicos Recientes
1666;24;23;1669.57;0.09002916918727577;0.1605982378696311;Frecuentes Regulares
1667;38;6;888.48;0.0;0.0;Esporádicos Recientes
1668;335;5;269.04;0.6640276538804638;0.0;Cazadores de Ofertas
1669;43;23;2292.72;0.8489828675110785;0.0035983460692976033;Frecuentes Regulares
1670;71;9;1635.49;1.0;0.011348280943325852;Cazadores de Ofertas
1671;238;2;86.67;0.0;0.0;Esporádicos Recientes
1672;153;2;226.89;0.0;0.0;Esporádicos Recientes
1673;17;38;3190.53;0.5587629641470225;0.029361892851657877;Frecuentes Regulares
1674;305;6;296.15;0.9585345264224212;0.02610163768360628;Cazadores de Ofertas
1675;682;1;690.0899999999999;1.0;0.0;Cazadores de Ofertas
1676;43;3;113.28999999999999;0.19136728749227647;0.0;Esporádicos Recientes
1677;154;5;555.61;0.0;0.0;Esporádicos Recientes
1678;458;8;351.44;0.6004438880036422;0.07916002731618484;Cazadores de Ofertas
1679;94;4;274.13;0.02225221610184949;0.02225221610184949;Esporádicos Recientes
1680;52;5;487.55;0.0;0.08306840324069326;Esporádicos Recientes
1681;157;5;513.21;0.06299565480017925;0.3405233724985873;Esporádicos Recientes
1682;485;2;320.94;0.672524459400511;0.0;Cazadores de Ofertas
1683;235;3;735.1999999999999;1.0;0.0;Cazadores de Ofertas
1684;10;22;1615.26;0.16635092802397136;0.10543194284511473;Frecuentes Regulares
1685;15;30;2675.57;0.21909350157162769;0.03283786258629002;Frecuentes Regulares
1686;8;86;5921.32;0.2203900481649362;0.030694169543277514;Leales VIP / Crónicos
1687;10;4;388.11;0.0;0.14202159181675297;Esporádicos Recientes
1688;6;62;4453.9400000000005;0.3350426813113782;0.07133010323443961;Leales VIP / Crónicos
1690;173;7;451.99;0.7543529724108939;0.0;Cazadores de Ofertas
1691;669;5;103.77;1.0;0.0;Cazadores de Ofertas
1692;303;6;312.48;0.7428315412186379;0.10791090629800307;Cazadores de Ofertas
1693;23;21;1234.28;0.1424960300742133;0.11785818452863207;Frecuentes Regulares
1694;13;34;2216.33;0.47377872428744827;0.05421124110579201;Frecuentes Regulares
1695;412;2;105.48;0.0;0.0;Esporádicos / Desertores
1696;216;5;386.0;0.10841968911917099;0.0;Esporádicos Recientes
1697;107;2;153.88;0.0;0.0;Esporádicos Recientes
1698;4;8;899.01;0.38354412075505284;0.2509427036406714;Esporádicos Recientes
1699;76;3;133.01;0.0;0.39357943011803626;Esporádicos Recientes
1700;38;20;1576.09;0.1996396144890203;0.06812428224276533;Frecuentes Regulares
1701;51;5;308.09;0.0;0.09360901035411731;Esporádicos Recientes
1702;12;90;6444.21;0.11193924468631532;0.07588827800459638;Leales VIP / Crónicos
1703;15;91;6165.46;0.3582311782089252;0.0656836635060482;Leales VIP / Crónicos
1704;15;33;3174.87;0.11318258700356236;0.021670178621486867;Frecuentes Regulares
1705;9;75;5180.25;0.31667776651706;0.03845953380628348;Leales VIP / Crónicos
1706;37;26;1283.44;0.22364894346443934;0.14165056410895718;Frecuentes Regulares
1707;515;5;1109.72;0.4854017229571424;0.0;Esporádicos / Desertores
1708;37;27;1677.53;0.45772057727730653;0.12372356977222464;Frecuentes Regulares
1709;57;3;320.48;0.0;0.009641787319021466;Esporádicos Recientes
1710;35;6;274.31;0.870256279391929;0.0;Cazadores de Ofertas
1711;403;2;362.52;0.0;0.0;Esporádicos / Desertores
1712;211;9;369.07;0.8065949548866069;0.20871379413119462;Cazadores de Ofertas
1713;19;12;1068.0;0.09458801498127341;0.032303370786516857;Esporádicos Recientes
1714;156;5;111.26;0.8447779974833723;0.45595901492000723;En Riesgo (Solo Medicamentos)
1716;202;7;434.02;0.0;0.15179024008110226;Esporádicos Recientes
1717;9;25;2289.96;0.25523153242851404;0.03255515380181313;Frecuentes Regulares
1718;0;40;2671.16;0.279548960002396;0.08161622665808113;Frecuentes Regulares
1719;12;36;2821.91;0.4816347792806999;0.016804221254398618;Frecuentes Regulares
1720;144;2;52.08;0.0;0.2019969278033794;Esporádicos Recientes
1721;25;32;2538.8;0.3876319521033559;0.0721167480699543;Frecuentes Regulares
1722;11;3;295.28;0.06820644811704146;0.1959496071525332;Esporádicos Recientes
1723;382;87;6578.400000000001;0.2589945883497507;0.06691292715553934;Leales VIP / Crónicos
1724;401;5;277.03999999999996;0.9813745307536819;0.04317066127635;Cazadores de Ofertas
1725;180;8;590.05;0.3420388102703161;0.0;Esporádicos Recientes
1726;7;2;33.97;0.0;0.0;Esporádicos Recientes
1727;112;8;422.97999999999996;0.227315712326824;0.0;Esporádicos Recientes
1728;29;2;177.56;0.18765487722460014;0.0;Esporádicos Recientes
1729;318;2;297.81;0.0;0.0;Esporádicos / Desertores
1730;177;5;271.91999999999996;0.06321712268314211;0.15129449838187706;Esporádicos Recientes
1731;113;5;530.6700000000001;0.9671358848248439;0.0;Cazadores de Ofertas
1732;16;27;1855.5800000000002;0.23705795492514467;0.0459155627889932;Frecuentes Regulares
1733;52;5;239.44;0.0;0.0;Esporádicos Recientes
1734;6;2;96.00999999999999;0.0;0.0;Esporádicos Recientes
1735;479;6;560.8199999999999;0.6124603259512857;0.0;Cazadores de Ofertas
1736;482;24;1750.52;0.129881406667733;0.08677421566163197;Esporádicos / Desertores
1737;10;24;1149.06;0.0979235200946861;0.03302699597932223;Frecuentes Regulares
1738;462;1;22.39;1.0;0.0;Cazadores de Ofertas
1739;25;25;796.76;0.5950474421406697;0.12892213464531352;Frecuentes Regulares
1740;17;5;822.91;0.19136965160224081;0.0;Esporádicos Recientes
1741;6;53;3173.55;0.1656473034929338;0.04385624931070883;Frecuentes Regulares
1742;202;3;130.02;0.2280418397169666;0.2280418397169666;Esporádicos Recientes
1743;76;8;490.36;0.18280447018517007;0.03556570682763683;Esporádicos Recientes
1744;413;5;536.9;1.0;0.0;Cazadores de Ofertas
1745;1;2;117.56;0.0;0.0;Esporádicos Recientes
1746;7;4;376.27000000000004;0.0;0.0;Esporádicos Recientes
1747;142;9;727.4;0.24558702227110257;0.010778113830079738;Esporádicos Recientes
1748;584;3;366.81;0.0664649273465827;0.0;Esporádicos / Desertores
1749;167;36;2219.64;0.4825467192878125;0.06032960299868447;Frecuentes Regulares
1750;322;5;617.38;0.4098286306650685;0.0919206971395251;Esporádicos / Desertores
1751;47;36;3492.97;0.32862005685705864;0.05487879941711495;Frecuentes Regulares
1752;337;7;852.9200000000001;0.0;0.19841251231065046;Esporádicos / Desertores
1754;17;4;470.51;0.0;0.0;Esporádicos Recientes
1755;16;9;576.92;0.13785273521458782;0.14532344172502254;Esporádicos Recientes
1756;179;7;453.2200000000001;0.6483826839062707;0.0;Cazadores de Ofertas
1757;511;6;346.04999999999995;0.5223811587920821;0.01924577373211964;Esporádicos / Desertores
1759;302;2;30.56;1.0;0.07722513089005237;Cazadores de Ofertas
1760;53;2;171.32;0.834753677328975;0.0;Cazadores de Ofertas
1761;60;2;35.55;0.0;0.0;Esporádicos Recientes
1762;364;4;83.89;0.7125998331147931;0.4836094886160448;En Riesgo (Solo Medicamentos)
1763;33;37;2968.0299999999997;0.582787235978073;0.016182450986007554;Frecuentes Regulares
1764;26;9;589.5899999999999;0.2035482284299259;0.07937719432147765;Esporádicos Recientes
1765;279;2;131.94;1.0;0.0;Cazadores de Ofertas
1766;160;9;622.69;0.12078241179399059;0.07263646437232009;Esporádicos Recientes
1767;5;36;3402.51;0.29505864788053526;0.04459648906248622;Frecuentes Regulares
1768;1;5;284.46000000000004;0.0;0.2273781902552204;Esporádicos Recientes
1769;560;8;576.04;0.0;0.10664189986806473;Esporádicos / Desertores
1770;368;5;473.04999999999995;0.972899270690202;0.10979811859211501;Cazadores de Ofertas
1771;217;4;319.75;0.7430805316653636;0.0;Cazadores de Ofertas
1772;534;1;37.5;0.0;1.0;En Riesgo (Solo Medicamentos)
1773;543;6;172.98999999999998;0.0;0.05965662755072548;Esporádicos / Desertores
1774;38;10;723.78;0.7075216225925005;0.28970129044737347;Cazadores de Ofertas
1775;55;7;646.87;0.08055714440304852;0.025461066365730367;Esporádicos Recientes
1776;230;4;411.86;0.541494682659156;0.0;Cazadores de Ofertas
1777;9;71;5484.25;0.26998404522040387;0.046079226876965855;Leales VIP / Crónicos
1778;189;3;266.05000000000007;1.0;0.0;Cazadores de Ofertas
1779;467;5;176.88;0.913783355947535;0.19742198100407052;Cazadores de Ofertas
1781;163;6;423.47999999999996;0.22541796542930012;0.025266836686502314;Esporádicos Recientes
1782;60;2;288.66;0.0;0.0;Esporádicos Recientes
1783;85;8;710.6500000000001;0.3820164638007458;0.0;Esporádicos Recientes
1784;655;19;1002.02;0.2064230254885132;0.14558591644877347;Esporádicos / Desertores
1785;379;4;139.27;0.504774897680764;0.19358081424570978;Cazadores de Ofertas
1786;40;9;754.5699999999999;0.2742621625561578;0.058457134526949124;Esporádicos Recientes
1787;491;12;570.94;0.35212106350930045;0.020790275685711283;Esporádicos / Desertores
1788;200;6;168.59;0.6221602704786762;0.40998873005516345;En Riesgo (Solo Medicamentos)
1789;1;22;2190.66;0.7462134699131769;0.09174860544310848;Frecuentes Regulares
1790;0;79;5071.12;0.2294660745555223;0.069270693653473;Leales VIP / Crónicos
1791;479;26;1870.09;0.2554582934511173;0.09386179274794262;Esporádicos / Desertores
1793;90;1;2.26;1.0;1.0;En Riesgo (Solo Medicamentos)
1794;1;20;1120.22;0.22956205031154597;0.17033261323668564;Frecuentes Regulares
1796;499;29;2013.56;0.46171457518027775;0.11385307614374543;Esporádicos / Desertores
1797;464;16;1172.38;0.15767072109725516;0.11021170610211706;Esporádicos / Desertores
1798;109;4;222.05;0.17419500112587255;0.17419500112587255;Esporádicos Recientes
1799;496;4;345.40000000000003;0.19218297625940936;0.0;Esporádicos / Desertores
1800;413;4;501.24;0.26502274359588224;0.0;Esporádicos / Desertores
1801;23;31;2665.93;0.2797710367489019;0.009351333305825734;Frecuentes Regulares
1802;5;88;5485.26;0.39456106000444824;0.10349372682425262;Leales VIP / Crónicos
1803;407;1;70.32;1.0;0.0;Cazadores de Ofertas
1804;23;5;473.36;0.0;0.09081882710833193;Esporádicos Recientes
1805;368;3;277.84000000000003;0.06773682695076302;0.0;Esporádicos / Desertores
1806;15;2;211.40000000000003;0.8497161778618733;0.0;Cazadores de Ofertas
1807;153;2;311.27;0.0;0.0;Esporádicos Recientes
1808;697;8;1055.1299999999999;0.8878621591652213;0.09138210457479175;Cazadores de Ofertas
1810;583;3;35.06;1.0;0.0;Cazadores de Ofertas
1811;487;6;300.28;0.501265485546823;0.04442520314373252;Esporádicos / Desertores
1812;32;44;2811.66;0.38392977813818174;0.05870909000377002;Frecuentes Regulares
1813;45;2;343.88;1.0;0.0;Cazadores de Ofertas
1814;179;4;441.18999999999994;0.0;0.27863278859448315;Esporádicos Recientes
1815;29;7;427.68;0.5321969696969697;0.0;Esporádicos Recientes
1816;521;5;678.99;0.3688714119501024;0.0;Esporádicos / Desertores
1817;3;4;197.57999999999998;0.03568174916489524;0.15487397509869422;Esporádicos Recientes
1818;623;1;30.92;0.0;0.0;Esporádicos / Desertores
1819;24;6;291.37;0.43264577684730754;0.0;Esporádicos Recientes
1821;177;5;262.3;0.18257720167746855;0.0;Esporádicos Recientes
1822;0;5;126.02;0.0;0.0;Esporádicos Recientes
1823;287;2;560.92;0.0;0.0;Esporádicos Recientes
1824;594;1;17.41;1.0;0.0;Cazadores de Ofertas
1825;521;5;565.57;0.29833619180649606;0.009530208462259313;Esporádicos / Desertores
1826;157;6;1336.6100000000001;0.15901422254808806;0.08888157353304253;Esporádicos Recientes
1827;439;3;126.64;0.0;0.19496209728363867;Esporádicos / Desertores
1828;228;2;147.37;0.9539933500712492;0.0;Cazadores de Ofertas
1829;218;16;1300.02;0.31161059060629837;0.021953508407562963;Esporádicos Recientes
1831;27;1;76.82;0.0;0.0;Esporádicos Recientes
1832;181;3;153.84;0.14268070722828913;0.13163026521060842;Esporádicos Recientes
1833;103;7;520.28;0.0;0.017702006611824406;Esporádicos Recientes
1834;378;3;225.72;0.8536239588871168;0.0;Cazadores de Ofertas
1835;646;8;439.56;1.0;0.0;Cazadores de Ofertas
1836;363;10;671.51;0.0;0.2013372846271835;Esporádicos / Desertores
1837;133;11;702.3;0.21569130001423892;0.033931368361099244;Esporádicos Recientes
1838;188;2;23.34;1.0;0.0;Cazadores de Ofertas
1839;5;28;1824.45;0.18690016169256488;0.05915207322754803;Frecuentes Regulares
1840;220;2;154.54999999999998;0.0;0.8760271756713038;En Riesgo (Solo Medicamentos)
1841;178;2;198.23000000000002;0.25581395348837205;0.0;Esporádicos Recientes
1842;422;7;834.03;0.6111290960756808;0.025850389074733523;Cazadores de Ofertas
1843;538;5;380.41;0.39835966457243493;0.12134276175705158;Esporádicos / Desertores
1844;160;4;192.44;0.6139575971731449;0.04557264601953857;Cazadores de Ofertas
1845;23;6;507.37;0.005952263634034334;0.0223111338865128;Esporádicos Recientes
1847;143;12;708.61;0.008749523715442908;0.08409421261342628;Esporádicos Recientes
1848;147;3;249.59000000000003;0.16442966465002604;0.16442966465002604;Esporádicos Recientes
1849;31;5;344.48999999999995;0.7902696740108568;0.0;Cazadores de Ofertas
1850;14;31;1616.69;0.5749648974138517;0.06578874119342608;Frecuentes Regulares
1851;509;30;2713.36;0.48436993248223603;0.04977592357814665;Frecuentes Regulares
1852;102;16;1221.85;0.6796251585710193;0.005475303842533863;Frecuentes Regulares
1853;318;6;1354.8700000000001;0.8915910751585022;0.0;Cazadores de Ofertas
1854;21;70;6189.5;0.4240778738185637;0.05374262864528637;Leales VIP / Crónicos
1855;462;4;160.13;1.0;0.0;Cazadores de Ofertas
1856;5;36;2395.48;0.11389366640506286;0.06958104430009852;Frecuentes Regulares
1857;137;2;144.07999999999998;0.4534286507495836;0.4534286507495836;En Riesgo (Solo Medicamentos)
1860;96;2;47.08;0.0;0.0;Esporádicos Recientes
1861;10;18;1045.21;0.11602453095550176;0.0942203002267487;Esporádicos Recientes
1862;241;1;43.98;1.0;0.0;Cazadores de Ofertas
1863;9;101;6863.95;0.37036983078256686;0.05491444430684956;Leales VIP / Crónicos
1864;12;31;1928.51;0.18609703864641614;0.1271292344867281;Frecuentes Regulares
1865;419;4;274.14;0.0;0.0;Esporádicos / Desertores
1866;6;22;1595.31;0.0692216559790887;0.027618456600911424;Frecuentes Regulares
1867;158;9;420.73;0.1322463337532384;0.03931262329760178;Esporádicos Recientes
1868;34;31;1816.45;0.570194610366374;0.07926449943571251;Frecuentes Regulares
1869;638;9;774.38;0.7909811720344017;0.0;Cazadores de Ofertas
1871;40;30;2134.36;0.26103375250660615;0.1288629846886186;Frecuentes Regulares
1872;21;23;2004.27;0.2703029033014514;0.025760002394886915;Frecuentes Regulares
1873;155;11;685.52;0.23519372155444046;0.14097327576146576;Esporádicos Recientes
1874;282;4;64.0;0.27171875;0.0;Esporádicos Recientes
1875;176;4;169.43;0.8183910759605736;0.0;Cazadores de Ofertas
1876;13;56;3699.82;0.27465390208172286;0.041510127519717166;Frecuentes Regulares
1877;565;28;2029.44;0.37368436613055817;0.13739750867234313;Esporádicos / Desertores
1878;176;3;118.24;0.0;0.41661028416779433;En Riesgo (Solo Medicamentos)
1879;459;9;492.15;0.4679061261810424;0.0;Esporádicos / Desertores
1880;506;6;454.21999999999997;0.505702082691207;0.0360177887367355;Esporádicos / Desertores
1881;355;6;746.65;0.9510748007768031;0.1995580258487913;Cazadores de Ofertas
1882;53;27;2756.8900000000003;0.04817022079226954;0.02063194396584557;Frecuentes Regulares
1883;51;7;462.09000000000003;0.28461987924430304;0.0;Esporádicos Recientes
1884;15;8;722.0899999999999;0.0;0.10081845753299451;Esporádicos Recientes
1885;9;14;1073.59;0.3180730073864324;0.016943153345318047;Esporádicos Recientes
1887;7;17;1232.74;0.0646851728669468;0.06510699742038062;Esporádicos Recientes
1888;318;1;51.48;0.0;0.0;Esporádicos / Desertores
1889;35;32;1681.78;0.24163683716062742;0.10496022071852443;Frecuentes Regulares
1891;78;7;631.0500000000001;0.22060058632437998;0.04765074082877743;Esporádicos Recientes
1892;458;1;36.12;0.0;0.0;Esporádicos / Desertores
1893;262;4;312.45000000000005;0.03667786845895343;0.4178588574171867;En Riesgo (Solo Medicamentos)
1895;370;5;197.74;0.2487609992919996;0.1729543845453626;Esporádicos / Desertores
1896;3;16;1701.5800000000002;0.27747152646363965;0.0960342740276684;Frecuentes Regulares
1897;538;1;24.23;0.0;0.0;Esporádicos / Desertores
1899;136;2;41.29;1.0;0.0;Cazadores de Ofertas
1900;164;1;18.48;0.0;1.0;En Riesgo (Solo Medicamentos)
1901;44;34;3384.76;0.369467850010045;0.042286602299719915;Frecuentes Regulares
1902;497;4;212.67000000000002;0.0;0.06150373818592185;Esporádicos / Desertores
1904;56;8;400.41999999999996;0.6353079266769892;0.060311672743619205;Cazadores de Ofertas
1905;97;19;922.85;0.33786639215473796;0.13253508154087879;Esporádicos Recientes
1906;16;7;154.53;0.0;0.0;Esporádicos Recientes
1907;156;9;693.63;0.25731297665902575;0.17220996785029483;Esporádicos Recientes
1908;347;5;432.39;0.6443025971923495;0.07155577141006961;Cazadores de Ofertas
1909;95;22;1467.88;0.26479684987873664;0.061571790609586605;Frecuentes Regulares
1910;364;2;89.96000000000001;1.0;0.0;Cazadores de Ofertas
1911;10;26;1796.76;0.4113181504485852;0.0924720051648523;Frecuentes Regulares
1912;575;5;568.71;0.0;0.08081447486416626;Esporádicos / Desertores
1913;630;2;81.11;1.0;0.0;Cazadores de Ofertas
1914;327;24;1732.22;0.36318135109859023;0.06869797138931544;Frecuentes Regulares
1915;31;2;28.2;1.0;0.27163120567375887;Cazadores de Ofertas
1916;4;21;2544.23;0.31646902992260917;0.02255299245744292;Frecuentes Regulares
1917;27;8;726.78;0.23939844244475633;0.0797627892897438;Esporádicos Recientes
1918;414;2;51.85;1.0;0.0;Cazadores de Ofertas
1919;136;6;595.71;0.06699568582028168;0.09665776972016585;Esporádicos Recientes
1920;491;5;244.02;0.0;0.5859355790508974;En Riesgo (Solo Medicamentos)
1921;25;30;2559.46;0.41879537089854896;0.1267767419690091;Frecuentes Regulares
1922;143;7;418.95000000000005;0.5885666547320683;0.0;Cazadores de Ofertas
1923;545;2;214.18;0.0;0.431319450929125;En Riesgo (Solo Medicamentos)
1924;75;6;853.43;0.18729128340930126;0.0;Esporádicos Recientes
1925;12;4;427.08;0.0;0.0;Esporádicos Recientes
1926;215;4;332.29;0.25050407776339945;0.0;Esporádicos Recientes
1927;80;4;266.04;1.0;0.2602240264621861;Cazadores de Ofertas
1928;524;1;263.67;0.0;0.0;Esporádicos / Desertores
1929;602;2;88.53;0.0;0.0;Esporádicos / Desertores
1930;86;3;355.53999999999996;0.20518085166226022;0.0;Esporádicos Recientes
1931;17;7;229.87;0.06869099926045155;0.15682777221908034;Esporádicos Recientes
1932;23;6;356.78999999999996;0.22455786316881082;0.116118725300597;Esporádicos Recientes
1933;274;10;295.69;0.022185396868341846;0.3490479894484088;Esporádicos Recientes
1934;13;13;2140.19;0.11474682154388162;0.0;Frecuentes Regulares
1935;357;3;315.75;0.8771813143309581;0.0;Cazadores de Ofertas
1936;269;2;97.39;0.0;0.0;Esporádicos Recientes
1937;540;3;169.21;0.0;0.2551267655575912;Esporádicos / Desertores
1938;599;1;624.16;1.0;0.0;Cazadores de Ofertas
1939;279;2;241.34;0.9466313085273887;0.0;Cazadores de Ofertas
1940;579;2;75.47;0.8001855041738438;0.0;Cazadores de Ofertas
1941;19;13;450.55;0.7622239485073798;0.10487182332704471;Cazadores de Ofertas
1942;326;6;329.07;0.2561157200595618;0.02121129243018203;Esporádicos / Desertores
1943;334;4;661.54;1.0;0.0;Cazadores de Ofertas
1945;370;6;601.87;0.10512236861780784;0.10512236861780784;Esporádicos / Desertores
1946;246;3;146.06;0.0;0.40188963439682324;En Riesgo (Solo Medicamentos)
1947;637;3;119.03999999999999;0.5967741935483871;0.0;Esporádicos / Desertores
1948;362;4;435.32;0.0;0.007373885877055959;Esporádicos / Desertores
1949;41;5;425.39;0.0;0.0;Esporádicos Recientes
1950;11;7;690.9100000000001;0.0;0.05850255460190183;Esporádicos Recientes
1951;636;4;146.67000000000002;0.838276402809027;0.16172359719097293;Cazadores de Ofertas
1952;548;3;237.87;0.0;0.08180939168453356;Esporádicos / Desertores
1953;4;5;810.74;0.26236524656486665;0.06016725460690234;Esporádicos Recientes
1954;613;1;20.91;1.0;1.0;En Riesgo (Solo Medicamentos)
1955;190;20;1417.47;0.6312302905881606;0.11751924202981368;Frecuentes Regulares
1956;490;4;258.64;0.0;0.49470306217135784;En Riesgo (Solo Medicamentos)
1958;387;5;277.5;0.484;0.15308108108108107;Cazadores de Ofertas
1959;90;2;79.41;0.0;0.0;Esporádicos Recientes
1960;374;3;457.97;0.0;0.0;Esporádicos / Desertores
1962;79;4;521.69;0.0;0.0;Esporádicos Recientes
1963;688;5;323.17;0.8292539530278181;0.0;Cazadores de Ofertas
1964;38;3;195.0;1.0;0.20682051282051284;Cazadores de Ofertas
1965;439;1;25.31;0.0;0.0;Esporádicos / Desertores
1966;498;16;1007.13;0.17718665912047105;0.09494305601064411;Esporádicos / Desertores
1967;250;3;127.82000000000001;1.0;0.0;Cazadores de Ofertas
1968;474;6;331.47;0.839442483482668;0.052161583250369556;Cazadores de Ofertas
1969;592;2;149.14999999999998;0.0;0.0;Esporádicos / Desertores
1971;123;5;850.75;0.022004114017043785;0.05087275933000294;Esporádicos Recientes
1972;1;29;2706.9500000000003;0.20735883558987048;0.04421950904154121;Frecuentes Regulares
1973;341;6;675.0899999999999;0.6421958553674325;0.232220889066643;Cazadores de Ofertas
1974;32;4;769.7299999999998;0.8892208956387304;0.11898977563561253;Cazadores de Ofertas
1976;501;19;1878.9599999999998;0.3986354153361434;0.05083131093796568;Esporádicos / Desertores
1977;192;4;180.33;0.49148782787112516;0.0;Esporádicos Recientes
1978;372;6;841.0699999999999;0.3168107291901982;0.0;Esporádicos / Desertores
1979;174;7;414.39;0.3425517025024735;0.22741861531407612;Esporádicos Recientes
1980;506;1;65.86;1.0;0.0;Cazadores de Ofertas
1981;453;23;1900.3400000000001;0.3012355683719755;0.011892608691076334;Esporádicos / Desertores
1982;3;58;5283.89;0.443671234639631;0.023690879257516714;Leales VIP / Crónicos
1983;179;6;417.19;0.9431673817684988;0.3194707447446008;Cazadores de Ofertas
1984;157;5;591.49;0.0;0.0;Esporádicos Recientes
1985;34;27;1809.8400000000001;0.42226384652786986;0.0;Frecuentes Regulares
1986;623;38;2871.79;0.38447449151922675;0.04082122996458655;Esporádicos / Desertores
1987;534;23;1594.76;0.40258722315583534;0.07892096616418771;Esporádicos / Desertores
1988;21;6;598.5899999999999;0.025894184667301496;0.20696971215690207;Esporádicos Recientes
1989;27;12;871.56;0.417561613658268;0.12475331589334068;Esporádicos Recientes
1990;61;16;1346.73;0.3026590333622924;0.07965961996836782;Frecuentes Regulares
1991;371;5;294.86;0.15675235705080376;0.04514006647222411;Esporádicos / Desertores
1992;239;4;462.03;0.0;0.0;Esporádicos Recientes
1993;64;7;760.72;0.48150436428646537;0.0;Esporádicos Recientes
1994;3;14;1219.64;0.6018251287265094;0.07734249450657571;Frecuentes Regulares
1995;23;1;12.1;0.0;0.0;Esporádicos Recientes
1996;207;4;123.18;0.3216431238837474;0.19897710667316124;Esporádicos Recientes
1997;9;22;1577.42;0.22361831344854255;0.04156153719364532;Frecuentes Regulares
1998;647;2;64.68;0.0;0.0;Esporádicos / Desertores
1999;295;2;88.27;1.0;0.0;Cazadores de Ofertas
2000;130;1;14.2;1.0;0.0;Cazadores de Ofertas
2001;1;18;1172.42;0.18739018440490607;0.03706862728373791;Esporádicos Recientes
2002;542;5;440.78;0.7540042651662963;0.0;Cazadores de Ofertas
2003;386;5;308.47;1.0;0.17852627484034103;Cazadores de Ofertas
2004;175;9;778.46;0.17023353801094468;0.10139249287053928;Esporádicos Recientes
2005;18;3;184.36;0.0;0.3301692341071816;Esporádicos Recientes
2006;372;6;375.59000000000003;0.4843313187252057;0.0;Cazadores de Ofertas
2007;607;2;130.05;0.0;0.0;Esporádicos / Desertores
2009;465;2;91.79;1.0;0.0;Cazadores de Ofertas
2011;377;3;264.31;1.0;0.04604441754000983;Cazadores de Ofertas
2012;627;1;33.68;1.0;0.0;Cazadores de Ofertas
2013;604;5;312.95;0.0;0.5826170314746765;En Riesgo (Solo Medicamentos)
2014;560;2;183.45;0.0;0.0;Esporádicos / Desertores
2015;230;1;63.52;1.0;0.0;Cazadores de Ofertas
2016;203;1;15.78;0.0;0.0;Esporádicos Recientes
2017;156;3;67.89999999999999;0.0;0.0;Esporádicos Recientes
2018;9;72;5151.61;0.21082729476804338;0.0483499333218159;Leales VIP / Crónicos
2019;39;15;1405.3;0.23652600868142035;0.10670319504732087;Frecuentes Regulares
2020;17;15;1001.38;0.01792526313687112;0.14479018953843698;Esporádicos Recientes
2021;165;4;678.43;0.012808985451704672;0.0;Esporádicos Recientes
2022;241;6;211.8;0.0;0.026015108593012273;Esporádicos Recientes
2023;515;1;17.2;1.0;1.0;En Riesgo (Solo Medicamentos)
2024;208;3;270.28;0.23760544620393667;0.07244339203788663;Esporádicos Recientes
2025;124;21;1036.99;0.5691665300533274;0.07430158439329212;Frecuentes Regulares
2026;134;3;99.64;0.0;0.47701726214371737;En Riesgo (Solo Medicamentos)
2027;110;5;274.64;0.5321511797261871;0.03786775415088844;Esporádicos Recientes
2028;75;3;304.43;0.22120027592550012;0.0;Esporádicos Recientes
2029;307;1;73.33;1.0;0.0;Cazadores de Ofertas
2030;363;2;127.18;0.12305393929863186;0.12305393929863186;Esporádicos / Desertores
2031;2;12;482.88;0.4526176275679258;0.10240639496355203;Esporádicos Recientes
2032;706;1;48.17;1.0;0.0;Cazadores de Ofertas
2033;61;3;301.81;0.0;0.17613730492694077;Esporádicos Recientes
2034;186;7;360.39;0.2970670662338023;0.0649296595355032;Esporádicos Recientes
2035;590;3;107.67;0.0;0.23098356088046806;Esporádicos / Desertores
2036;57;6;415.73;0.0;0.06494599860486373;Esporádicos Recientes
2037;217;1;19.87;0.0;1.0;En Riesgo (Solo Medicamentos)
2038;7;5;530.2099999999999;0.9562248920239151;0.09103939948322363;Cazadores de Ofertas
2039;125;9;458.1;0.09666011787819254;0.09893036454922506;Esporádicos Recientes
2040;6;46;3574.55;0.33742429116951783;0.07459680239470702;Frecuentes Regulares
2041;91;45;2650.88;0.43687756518590054;0.12442660550458716;Frecuentes Regulares
2042;47;4;338.07;0.8930103233058243;0.0;Cazadores de Ofertas
2043;55;3;767.71;0.0;0.0;Esporádicos Recientes
2044;460;5;273.98;0.0;0.0;Esporádicos / Desertores
2045;165;6;371.81;0.5551760307684033;0.0;Cazadores de Ofertas
2046;251;2;233.47;0.76587998458046;0.0;Cazadores de Ofertas
2047;179;5;391.72999999999996;0.05491026982870856;0.0;Esporádicos Recientes
2048;290;6;453.82;0.03331717421003922;0.016592481600634614;Esporádicos Recientes
2049;215;11;759.0699999999999;0.0;0.05492247091836064;Esporádicos Recientes
2050;537;1;29.34;0.0;0.0;Esporádicos / Desertores
2051;5;89;7424.94;0.3639813924422285;0.06670222250954216;Leales VIP / Crónicos
2052;335;95;6604.3099999999995;0.15927931911130763;0.054288790199127544;Leales VIP / Crónicos
2053;618;5;259.27;0.05449917074864042;0.0;Esporádicos / Desertores
2054;240;3;164.87;1.0;0.0;Cazadores de Ofertas
2055;3;5;242.0;0.0;0.18169421487603304;Esporádicos Recientes
2056;644;2;127.13000000000001;1.0;0.0;Cazadores de Ofertas
2057;276;5;131.93;0.40908057303115286;0.0;Esporádicos Recientes
2058;69;27;2112.74;0.10530401279854598;0.07162263222166476;Frecuentes Regulares
2059;425;2;60.43;1.0;0.03640575872910806;Cazadores de Ofertas
2060;26;2;98.08000000000001;0.0;0.0;Esporádicos Recientes
2061;621;1;86.72;1.0;0.0;Cazadores de Ofertas
2062;385;5;549.6600000000001;0.5820325291998689;0.03558563475603099;Cazadores de Ofertas
2063;501;4;347.65999999999997;0.0;0.0;Esporádicos / Desertores
2064;663;5;115.48;0.25207828195358506;0.15725666782126774;Esporádicos / Desertores
2065;329;3;157.3;0.0;0.0;Esporádicos / Desertores
2066;609;5;740.1200000000001;0.8211236015781225;0.10192941685132138;Cazadores de Ofertas
2067;150;4;381.21999999999997;0.0;0.08745606211636327;Esporádicos Recientes
2068;85;6;814.21;0.22569116075705284;0.0;Esporádicos Recientes
2069;162;9;678.03;0.18539002698995619;0.0;Esporádicos Recientes
2070;284;2;304.53;1.0;0.0;Cazadores de Ofertas
2071;527;4;391.67;0.9248091505604208;0.0;Cazadores de Ofertas
2072;298;2;22.630000000000003;0.0;0.0;Esporádicos Recientes
2073;61;6;512.4200000000001;0.9126888099605792;0.01569025408844307;Cazadores de Ofertas
2074;486;1;46.64;0.0;1.0;En Riesgo (Solo Medicamentos)
2075;11;25;1832.02;0.35593497887577646;0.026429842468968682;Frecuentes Regulares
2076;11;28;1930.61;0.12319940329740342;0.05450090903911199;Frecuentes Regulares
2077;69;32;1421.47;0.5352909312190901;0.11004804885083752;Frecuentes Regulares
2078;349;4;222.93;0.8341183331090476;0.0;Cazadores de Ofertas
2079;164;6;497.88;0.4533823411263758;0.13523338957178435;Esporádicos Recientes
2080;719;2;106.16;1.0;0.7045968349660889;En Riesgo (Solo Medicamentos)
2081;703;4;243.26;0.7973361835073584;0.41778344158513525;Cazadores de Ofertas
2082;13;30;1642.93;0.08297371160061597;0.05812177025192796;Frecuentes Regulares
2083;0;16;1324.57;0.16059551401586927;0.09663513442098191;Esporádicos Recientes
2084;14;2;97.1;0.0;0.4455200823892894;En Riesgo (Solo Medicamentos)
2085;70;4;375.65999999999997;0.0;0.0;Esporádicos Recientes
2086;169;3;265.25;0.0;0.07679547596606975;Esporádicos Recientes
2087;24;4;262.35;0.4931961120640365;0.31614255765199156;Esporádicos Recientes
2088;642;5;510.97999999999996;0.3520685741124897;0.0;Esporádicos / Desertores
2089;386;2;276.41;0.08266705256683911;0.0;Esporádicos / Desertores
2090;387;3;179.10999999999999;1.0;0.0;Cazadores de Ofertas
2091;371;4;72.37;1.0;0.0;Cazadores de Ofertas
2092;97;4;251.84;1.0;0.12861340533672172;Cazadores de Ofertas
2093;179;6;849.65;0.3552874713117166;0.017183546166068382;Esporádicos Recientes
2094;24;3;282.71000000000004;0.0;0.0;Esporádicos Recientes
2095;517;3;154.07;1.0;0.2651392224313624;Cazadores de Ofertas
2096;2;7;421.37;0.0;0.26969171986615087;Esporádicos Recientes
2097;7;33;1746.0;0.18670103092783505;0.0518041237113402;Frecuentes Regulares
2098;50;3;81.86;0.19618861470803814;0.0;Esporádicos Recientes
2099;75;3;154.39;0.019949478593173135;0.019949478593173135;Esporádicos Recientes
2100;1;56;4876.57;0.3199666979044698;0.043672089193839116;Leales VIP / Crónicos
2101;88;6;491.21;0.6929419189348751;0.0;Cazadores de Ofertas
2103;307;7;577.58;0.9788427577132172;0.050884725925412926;Cazadores de Ofertas
2104;61;6;571.7800000000001;0.0;0.07081394942110601;Esporádicos Recientes
2105;51;7;1574.6899999999998;0.0;0.0;Esporádicos Recientes
2106;657;9;549.51;0.45769867700314826;0.28489017488307766;Esporádicos / Desertores
2107;408;2;148.60999999999999;0.06587712805329386;0.06587712805329386;Esporádicos / Desertores
2108;87;4;299.35;1.0;0.01857357608150994;Cazadores de Ofertas
2109;658;4;682.15;0.0;0.05410833394414718;Esporádicos / Desertores
2110;576;3;227.36;0.0;0.0;Esporádicos / Desertores
2111;430;7;1034.75;0.5937279536119837;0.046542643150519446;Cazadores de Ofertas
2112;1;28;2099.0099999999998;0.3990309717438222;0.07872282647533839;Frecuentes Regulares
2113;15;4;440.04;0.0;0.18811926188528316;Esporádicos Recientes
2114;26;6;273.68;0.5780838935983632;0.03683133586670564;Esporádicos Recientes
2115;227;3;283.32;0.0;0.0;Esporádicos Recientes
2116;441;6;468.21000000000004;0.6895837337946648;0.07857585271566178;Cazadores de Ofertas
2117;164;4;347.6;0.0;0.0;Esporádicos Recientes
2118;3;9;1349.95;0.1881847475832438;0.031586355050187045;Esporádicos Recientes
2119;364;5;372.09;0.11279529146174314;0.0;Esporádicos / Desertores
2120;703;2;53.33;0.0;0.0;Esporádicos / Desertores
2121;27;29;2637.56;0.3026964315503723;0.0327499658775535;Frecuentes Regulares
2122;6;36;2494.3;0.11933608627671088;0.0575792807601331;Frecuentes Regulares
2123;576;3;83.15;0.0;0.0;Esporádicos / Desertores
2124;5;61;5392.6900000000005;0.21276023654243054;0.05208346854723709;Leales VIP / Crónicos
2125;425;4;149.73;1.0;0.0;Cazadores de Ofertas
2126;222;2;14.919999999999995;0.8016085790884718;0.19839142091152823;Cazadores de Ofertas
2127;129;3;574.6600000000001;0.5653081822294922;0.0;Cazadores de Ofertas
2128;32;4;231.7;0.12265861027190333;0.05787656452309021;Esporádicos Recientes
2129;381;1;27.67;1.0;0.0;Cazadores de Ofertas
2130;693;6;272.26;0.15881877616983767;0.23191067362080364;Esporádicos / Desertores
2131;296;86;6062.28;0.23812492989436318;0.050103261479179456;Leales VIP / Crónicos
2132;29;7;455.02;0.8907960089666388;0.0;Cazadores de Ofertas
2133;1;27;1902.5800000000002;0.16736221341546742;0.016209568060212974;Frecuentes Regulares
2134;197;5;136.14;0.0;0.0;Esporádicos Recientes
2135;8;21;1501.24;0.1920079401028483;0.0795342516852735;Frecuentes Regulares
2136;582;1;24.860000000000003;1.0;1.0;En Riesgo (Solo Medicamentos)
2137;37;7;219.39;0.6800674597748302;0.23797802999225115;Cazadores de Ofertas
2138;545;1;146.62;0.0;0.0;Esporádicos / Desertores
2139;450;8;1162.15;0.0;0.03365314288172783;Esporádicos / Desertores
2140;67;1;48.66;0.0;1.0;En Riesgo (Solo Medicamentos)
2141;7;70;3993.9;0.5750619695034929;0.1514810085380205;Leales VIP / Crónicos
2142;360;2;42.74;0.0;0.0;Esporádicos / Desertores
2143;6;9;626.37;0.4575410699746157;0.13343550936347529;Esporádicos Recientes
2144;621;4;757.85;0.9264762156099492;0.0982780233555453;Cazadores de Ofertas
2145;636;2;94.80999999999999;1.0;0.0;Cazadores de Ofertas
2146;333;21;1076.68;0.539250287922131;0.09852509566444999;Cazadores de Ofertas
2147;99;2;12.92;1.0;0.0;Cazadores de Ofertas
2148;3;73;5349.03;0.3460889170559896;0.08071182999534496;Leales VIP / Crónicos
2149;41;5;118.05;0.8664972469292672;0.0;Cazadores de Ofertas
2150;60;6;203.74;0.010110925689604398;0.10061843526062629;Esporádicos Recientes
2151;116;6;221.14000000000001;0.9053088541195623;0.0;Cazadores de Ofertas
2152;502;1;426.15;0.0;0.0;Esporádicos / Desertores
2153;560;2;70.92;0.0;0.0;Esporádicos / Desertores
2154;61;2;175.57;0.0;0.0;Esporádicos Recientes
2155;15;1;5.1;0.0;0.0;Esporádicos Recientes
2156;134;5;661.04;0.0;0.0738835773931986;Esporádicos Recientes
2157;568;5;218.57999999999998;0.0;0.0;Esporádicos / Desertores
2158;63;10;404.94;0.5089889860226207;0.04178396799525856;Esporádicos Recientes
2159;337;11;699.51;0.33609240754242253;0.21207702534631384;Esporádicos / Desertores
2160;2;4;340.27000000000004;0.912481264877891;0.2572369001087372;Cazadores de Ofertas
2161;26;64;4582.59;0.27396734161249425;0.06718471432094078;Leales VIP / Crónicos
2162;306;5;202.44;0.037986563920173876;0.06555028650464335;Esporádicos Recientes
2163;658;1;23.78;0.0;0.0;Esporádicos / Desertores
2164;50;6;384.34999999999997;0.007128918954078315;0.0;Esporádicos Recientes
2165;677;2;329.45;0.0;0.0;Esporádicos / Desertores
2167;558;4;123.64;0.038579747654480745;0.038579747654480745;Esporádicos / Desertores
2168;72;7;358.59;0.15820296159959843;0.12507320337990463;Esporádicos Recientes
2169;12;37;3384.26;0.09618350835928681;0.053864064817714954;Frecuentes Regulares
2170;23;26;2115.79;0.5797456269289485;0.03390223037257951;Frecuentes Regulares
2171;226;6;211.57;0.0;0.3393203195159994;Esporádicos Recientes
2172;123;6;804.08;0.8532733061386927;0.03820515371604815;Cazadores de Ofertas
2173;60;11;319.59;0.048562220344816796;0.0;Esporádicos Recientes
2174;62;2;74.25;0.0;0.0;Esporádicos Recientes
2175;524;2;87.85;1.0;0.0;Cazadores de Ofertas
2176;28;4;640.2900000000001;1.0;0.0;Cazadores de Ofertas
2177;492;3;53.25;0.0;0.0;Esporádicos / Desertores
2178;9;4;418.78;0.11292325325946799;0.2703567505611538;Esporádicos Recientes
2179;60;7;664.51;0.21521120825871695;0.0;Esporádicos Recientes
2180;105;6;691.84;0.9240575855689176;0.06119912118408881;Cazadores de Ofertas
2181;694;1;11.91;0.0;0.0;Esporádicos / Desertores
2182;108;4;406.68000000000006;0.916199468869873;0.0;Cazadores de Ofertas
2183;403;4;157.51;1.0;0.0;Cazadores de Ofertas
2184;51;23;1602.49;0.7353556028430753;0.03839025516539885;Frecuentes Regulares
2186;391;6;586.89;0.0;0.0;Esporádicos / Desertores
2187;5;7;289.77;0.0;0.12195879490630503;Esporádicos Recientes
2188;200;5;207.03;0.25687098488141813;0.21368883736656524;Esporádicos Recientes
2189;234;3;46.27;1.0;0.0;Cazadores de Ofertas
2190;16;65;6059.89;0.33829491954474417;0.048941482436149826;Leales VIP / Crónicos
2191;166;8;306.31;0.09862557539747314;0.09598119552087754;Esporádicos Recientes
2192;204;4;304.58000000000004;0.6072624597806815;0.0;Cazadores de Ofertas
2193;460;7;539.46;1.0;0.055981907833759684;Cazadores de Ofertas
2194;23;7;293.65999999999997;0.0;0.0;Esporádicos Recientes
2195;390;3;121.19;0.7765492202326925;0.05932832741975411;Cazadores de Ofertas
2196;389;5;226.76;0.9677191744575763;0.0;Cazadores de Ofertas
2197;179;6;507.23;0.6646688878812372;0.03913412061589417;Cazadores de Ofertas
2198;377;34;2435.29;0.24532191238004508;0.06551170497148183;Frecuentes Regulares
2199;7;61;4589.75;0.23337872433139062;0.12641865025328178;Leales VIP / Crónicos
2200;214;1;24.69;0.0;0.0;Esporádicos Recientes
2201;146;4;118.67;0.0;0.0;Esporádicos Recientes
2202;33;7;293.15000000000003;1.0;0.0;Cazadores de Ofertas
2203;396;5;130.63;0.2787261731608359;0.1612187093317002;Esporádicos / Desertores
2204;2;40;2477.32;0.15508291217929052;0.043256422262767824;Frecuentes Regulares
2205;442;3;231.2;0.23823529411764707;0.0;Esporádicos / Desertores
2206;602;1;100.86;0.0;0.0;Esporádicos / Desertores
2207;379;5;257.73;0.023086175454933452;0.5532534047258759;En Riesgo (Solo Medicamentos)
2208;248;3;170.89;1.0;0.2698812101351747;Cazadores de Ofertas
2209;637;3;336.5;0.6739375928677563;0.0;Cazadores de Ofertas
2210;15;5;138.92;0.0;0.0;Esporádicos Recientes
2211;188;7;427.98;0.966774148324688;0.0;Cazadores de Ofertas
2212;45;4;131.68;0.8565461725394897;0.0;Cazadores de Ofertas
2213;72;4;72.03;0.7862001943634596;0.0;Cazadores de Ofertas
2214;296;4;286.57;0.0267648393062777;0.2380570192274139;Esporádicos Recientes
2215;659;6;256.83;0.19565471323443523;0.16758166880816106;Esporádicos / Desertores
2216;72;4;228.01999999999998;0.02705902990965705;0.0;Esporádicos Recientes
2217;88;5;402.27;0.1766226663683596;0.0;Esporádicos Recientes
2218;107;3;282.81;0.10102188748629821;0.1423570595099183;Esporádicos Recientes
2219;347;20;1087.21;0.6941897149584717;0.0697105435012555;Cazadores de Ofertas
2220;194;3;243.59;0.0;0.0;Esporádicos Recientes
2221;546;4;723.9699999999999;0.049048993742834654;0.049048993742834654;Esporádicos / Desertores
2222;152;11;633.41;0.0;0.07052304194755372;Esporádicos Recientes
2223;7;90;8686.49;0.4062020447844872;0.031496035798118695;Leales VIP / Crónicos
2224;179;5;141.45;0.3180629197596324;0.0;Esporádicos Recientes
2225;36;10;460.1;0.24299065420560748;0.2604216474679417;Esporádicos Recientes
2226;100;7;358.19;0.3400709120857645;0.0;Esporádicos Recientes
2227;719;3;74.05;1.0;0.0;Cazadores de Ofertas
2228;161;16;714.6800000000001;0.46918900766776733;0.07001735042256674;Esporádicos Recientes
2229;28;57;4104.2300000000005;0.4131444875165378;0.04298492043574556;Leales VIP / Crónicos
2230;701;4;286.25;0.4040873362445415;0.19937117903930132;Esporádicos / Desertores
2231;290;7;497.14;0.3443094500543107;0.0957476767107857;Esporádicos Recientes
2232;302;2;92.43;1.0;0.3256518446391864;Cazadores de Ofertas
2233;268;3;323.81000000000006;0.936042741113616;0.0;Cazadores de Ofertas
2234;655;1;46.57;0.0;1.0;En Riesgo (Solo Medicamentos)
2235;54;13;975.7099999999999;0.07068698691209478;0.03825931885498765;Esporádicos Recientes
2236;642;34;2088.36;0.18868873182784576;0.14276753050240382;Esporádicos / Desertores
2237;665;9;510.16;0.6515406931158852;0.1076328994825153;Esporádicos / Desertores
2238;159;5;441.82;0.8153094020189217;0.0;Cazadores de Ofertas
2239;112;4;261.1;0.4415549597855227;0.0;Esporádicos Recientes
2240;139;35;1920.17;0.6755599764604175;0.03894967633074154;Frecuentes Regulares
2241;611;1;39.32;0.0;0.0;Esporádicos / Desertores
2242;199;28;2832.65;0.13555857589183273;0.04024853052795086;Frecuentes Regulares
2243;48;7;289.53;0.24519048112458122;0.11373605498566641;Esporádicos Recientes
2244;78;3;109.79;0.45605246379451686;0.0;Esporádicos Recientes
2245;50;29;2099.07;0.2621970682254522;0.025663746325753783;Frecuentes Regulares
2246;367;7;332.06;0.27832319460338495;0.04999096548816479;Esporádicos / Desertores
2247;566;26;2713.62;0.3045267944664323;0.0236252680920689;Esporádicos / Desertores
2248;487;3;330.25;0.0;0.2868130204390613;Esporádicos / Desertores
2249;8;88;5649.64;0.3753265694805333;0.10751835515183268;Leales VIP / Crónicos
2250;18;2;104.48;0.0;0.05781010719754977;Esporádicos Recientes
2251;352;10;454.53999999999996;0.19648435781229376;0.0993971927663132;Esporádicos / Desertores
2252;691;8;578.8100000000001;1.0;0.030424491629377513;Cazadores de Ofertas
2253;17;6;536.3199999999999;0.0;0.0;Esporádicos Recientes
2254;703;1;31.56;0.0;0.0;Esporádicos / Desertores
2255;156;5;269.34000000000003;0.6018415385757777;0.26717160466325085;Cazadores de Ofertas
2256;359;2;62.06;1.0;0.719948436996455;En Riesgo (Solo Medicamentos)
2257;34;8;966.3799999999999;0.9653241995902233;0.09605952109936051;Cazadores de Ofertas
2258;386;17;1503.15;0.35379702624488574;0.1134949938462562;Esporádicos / Desertores
2259;24;32;2298.78;0.3165070167654147;0.06419057065051896;Frecuentes Regulares
2260;197;7;348.42;0.5364789621720911;0.15914700648642444;Cazadores de Ofertas
2261;478;4;109.72999999999999;0.0;0.2521644035359519;Esporádicos / Desertores
2262;2;3;55.45;0.0;0.37727682596934176;Esporádicos Recientes
2264;595;75;6235.8;0.4118172487892492;0.05963950094614966;Leales VIP / Crónicos
2265;0;19;1106.98;0.51442663824098;0.013189036838967282;Frecuentes Regulares
2266;24;23;1386.02;0.5479863205437151;0.05306561232882642;Frecuentes Regulares
2267;331;6;500.2;0.34238304678128745;0.0;Esporádicos / Desertores
2268;375;7;509.3;0.0;0.03848419399175339;Esporádicos / Desertores
2269;12;12;1433.1000000000001;0.7020514967552858;0.004263484753331937;Frecuentes Regulares
2270;176;1;43.88;0.0;1.0;En Riesgo (Solo Medicamentos)
2271;17;4;370.95;0.0;0.3658714112414072;Esporádicos Recientes
2272;546;2;286.46;0.0;0.0;Esporádicos / Desertores
2273;205;3;176.37;0.0;0.0;Esporádicos Recientes
2274;80;23;3030.0;0.2958976897689769;0.019924092409240927;Frecuentes Regulares
2275;110;2;83.78999999999999;0.0;0.0;Esporádicos Recientes
2276;132;7;251.51;0.0;0.12798695876903501;Esporádicos Recientes
2277;125;7;640.1800000000001;0.6215908025867725;0.06329469836608453;Cazadores de Ofertas
2278;159;5;410.77;0.4502519658202887;0.12252598777904912;Esporádicos Recientes
2280;65;1;63.48;0.0;0.0;Esporádicos Recientes
2281;22;19;1181.2;0.14357433118862173;0.014603792753132408;Esporádicos Recientes
2282;87;5;247.22000000000003;0.9476984062778092;0.13218995226923388;Cazadores de Ofertas
2283;157;7;465.0;0.0;0.0;Esporádicos Recientes
2284;52;33;1941.89;0.3559933878849986;0.03329230800920752;Frecuentes Regulares
2286;439;6;853.39;0.5775085248245233;0.023564841397250964;Cazadores de Ofertas
2287;191;5;52.75;0.8483412322274881;0.15165876777251186;Cazadores de Ofertas
2288;412;3;49.260000000000005;1.0;0.0;Cazadores de Ofertas
2289;30;7;508.5;0.011288102261553589;0.0;Esporádicos Recientes
2290;23;21;2203.51;0.42578431683995077;0.11918711510272247;Frecuentes Regulares
2291;315;10;961.55;0.13703915553013363;0.024470906349123814;Esporádicos / Desertores
2292;165;5;385.25;0.46536015574302403;0.0;Esporádicos Recientes
2293;418;5;737.98;0.19027615924550803;0.0557196671996531;Esporádicos / Desertores
2294;668;4;106.76;1.0;0.0;Cazadores de Ofertas
2295;300;8;336.74;0.2417889172655461;0.17221001366039082;Esporádicos Recientes
2296;174;88;6591.38;0.21407960093334022;0.09618471397491876;Leales VIP / Crónicos
2297;169;8;352.63;0.02413294387885319;0.008564217451719933;Esporádicos Recientes
2298;231;34;2263.87;0.3313485314969499;0.1412536938958509;Frecuentes Regulares
2299;711;2;367.67;1.0;0.0;Cazadores de Ofertas
2301;143;7;272.34;0.2022839098186091;0.21469486671072924;Esporádicos Recientes
2302;4;35;3036.89;0.5472440555963503;0.11234519524908707;Frecuentes Regulares
2303;209;7;457.61;0.5121828631367321;0.13039487773431524;Cazadores de Ofertas
2304;403;1;55.45;1.0;0.0;Cazadores de Ofertas
2305;617;2;42.16;0.0;0.0;Esporádicos / Desertores
2306;7;8;563.69;0.0;0.0656034345118771;Esporádicos Recientes
2307;162;3;248.22;0.0;0.16582064297800336;Esporádicos Recientes
2308;11;9;905.47;0.11733133069013883;0.08968822821297227;Esporádicos Recientes
2309;107;7;1378.8899999999999;1.0;0.10285809600475745;Cazadores de Ofertas
2310;20;28;2277.18;0.15430488586760818;0.06450961276666756;Frecuentes Regulares
2311;157;5;205.64000000000001;0.6051351877066719;0.4028885430850029;En Riesgo (Solo Medicamentos)
2312;112;3;261.68;1.0;0.0;Cazadores de Ofertas
2313;2;33;3065.74;0.07387449685883345;0.008771128667140724;Frecuentes Regulares
2314;286;4;220.07000000000002;0.3487072295178807;0.0;Esporádicos Recientes
2315;557;1;20.62;0.0;1.0;En Riesgo (Solo Medicamentos)
2316;433;7;182.25;0.5206584362139918;0.15846364883401923;Cazadores de Ofertas
2317;688;10;994.22;0.41564241314799544;0.21673271509323894;Esporádicos / Desertores
2318;20;24;1964.69;0.09876876250197232;0.026192427304053058;Frecuentes Regulares
2319;31;4;250.39;0.6114062063181436;0.0675346459523144;Esporádicos Recientes
2320;117;8;788.13;0.3505132402014896;0.0;Esporádicos Recientes
2321;118;19;1118.52;0.4583914458391446;0.17773486392733256;Frecuentes Regulares
2322;87;3;157.37;0.0;0.13973438393594712;Esporádicos Recientes
2323;550;8;445.74;0.0;0.09027684300264728;Esporádicos / Desertores
2324;122;6;349.53999999999996;0.7778508897408022;0.0868284030440007;Cazadores de Ofertas
2325;102;3;427.61;0.2926966160753958;0.0;Esporádicos Recientes
2326;361;7;657.55;0.0;0.06589612957189568;Esporádicos / Desertores
2327;331;4;202.28;0.7093632588491199;0.0;Cazadores de Ofertas
2328;589;39;2743.7400000000002;0.32515471582584354;0.0703674546422037;Esporádicos / Desertores
2329;34;4;111.85;0.48976307554760845;0.46312025033527043;En Riesgo (Solo Medicamentos)
2331;211;13;1192.1299999999999;0.05792153540301813;0.14670379908231485;Esporádicos Recientes
2332;506;2;22.38;0.0;0.46201966041108133;En Riesgo (Solo Medicamentos)
2333;3;2;282.31;0.0;0.0;Esporádicos Recientes
2334;102;33;3380.5;0.2274604348469161;0.05452447862742198;Frecuentes Regulares
2335;11;16;1888.0700000000002;0.2837447764118915;0.015979280429221372;Frecuentes Regulares
2336;90;4;263.08;0.4293750950281283;0.0;Esporádicos Recientes
2337;197;7;603.22;0.17966910911441927;0.010427373097708963;Esporádicos Recientes
2338;375;3;115.58;0.0;0.048537809309569135;Esporádicos / Desertores
2339;27;36;2039.99;0.28716317236849204;0.1188829357006652;Frecuentes Regulares
2340;704;3;53.97;0.0;0.0;Esporádicos / Desertores
2341;673;1;12.73;1.0;0.0;Cazadores de Ofertas
2342;520;5;355.78000000000003;1.0;0.20397436618134798;Cazadores de Ofertas
2343;4;9;1642.49;0.0;0.05686488197797247;Esporádicos Recientes
2344;226;1;10.49;0.0;1.0;En Riesgo (Solo Medicamentos)
2345;297;7;776.12;0.21134618357985882;0.0;Esporádicos Recientes
2346;536;3;119.15;0.39211078472513633;0.0;Esporádicos / Desertores
2347;706;2;326.0;1.0;0.1436196319018405;Cazadores de Ofertas
2348;570;6;363.99;0.11222835792192093;0.11090964037473557;Esporádicos / Desertores
2349;142;4;340.46;0.5909651647770663;0.0;Cazadores de Ofertas
2350;2;26;3220.08;0.09722118705125339;0.04045862214603364;Frecuentes Regulares
2351;175;1;20.56;0.0;1.0;En Riesgo (Solo Medicamentos)
2352;394;8;405.63;0.4540098118975421;0.23144244755072355;Esporádicos / Desertores
2353;498;6;177.89;0.5777165664174491;0.0;Cazadores de Ofertas
2354;83;4;302.68;1.0;0.07063565481696842;Cazadores de Ofertas
2355;16;54;3630.33;0.30228105984855375;0.039368321888092826;Frecuentes Regulares
2356;306;6;451.71;0.217152597905736;0.1274268889331651;Esporádicos Recientes
2357;352;4;158.7;1.0;0.0;Cazadores de Ofertas
2358;156;12;811.62;0.7283211355067643;0.007565116680219807;Cazadores de Ofertas
2359;522;11;741.96;0.2613617984797024;0.2293789422610383;Esporádicos / Desertores
2360;184;6;901.7900000000001;0.025382849665664953;0.0;Esporádicos Recientes
2361;122;15;1484.8200000000002;0.2797308764698751;0.014984981344540077;Frecuentes Regulares
2362;37;5;318.45;1.0;0.21595226880200977;Cazadores de Ofertas
2363;6;28;1923.3899999999999;0.4743031834417357;0.07323007814327828;Frecuentes Regulares
2364;483;4;230.33999999999997;0.13927237996005906;0.0;Esporádicos / Desertores
2365;5;29;2739.85;0.21393141960326295;0.09177509717685275;Frecuentes Regulares
2366;458;3;173.23;1.0;0.032731051203602146;Cazadores de Ofertas
2367;39;26;1748.24;0.9147828673408686;0.07255868759438062;Frecuentes Regulares
2368;124;10;388.76;0.5681140034983023;0.09694927461673011;Cazadores de Ofertas
2369;175;28;2530.83;0.13918753926577446;0.07486871895781226;Frecuentes Regulares
2370;422;22;1626.34;0.3180638734827896;0.0881488495640518;Esporádicos / Desertores
2371;10;30;2557.86;0.49682938081052125;0.03604184748187938;Frecuentes Regulares
2372;395;4;237.52;1.0;0.07401481980464804;Cazadores de Ofertas
2373;103;6;610.51;0.16805621529540876;0.0;Esporádicos Recientes
2374;25;2;101.17999999999999;0.0;0.16188970152203994;Esporádicos Recientes
2375;20;38;2313.58;0.36461674115440146;0.09124387313168336;Frecuentes Regulares
2376;341;4;414.08000000000004;0.0;0.14342639103554866;Esporádicos / Desertores
2377;3;87;9064.81;0.13692289193044313;0.020268488804508863;Leales VIP / Crónicos
2378;51;6;153.0;0.0;0.0;Esporádicos Recientes
2379;110;7;316.77;0.6413486125580075;0.15036146099693784;Cazadores de Ofertas
2380;395;2;178.42999999999998;1.0;0.0;Cazadores de Ofertas
2381;130;5;302.42999999999995;0.712892239526502;0.1609298019376385;Cazadores de Ofertas
2382;87;11;582.62;0.28467955099378667;0.0;Esporádicos Recientes
2383;276;84;5751.62;0.27009086135732197;0.06280317545317667;Leales VIP / Crónicos
2384;26;9;372.94;0.706735667935861;0.21003378559553815;Cazadores de Ofertas
2385;168;13;593.66;0.2659771586429943;0.012431358016373009;Esporádicos Recientes
2386;493;7;737.1700000000001;0.17378623655330522;0.07836726942224995;Esporádicos / Desertores
2388;201;11;841.9200000000001;0.0;0.17303306727480045;Esporádicos Recientes
2389;262;5;453.42;0.1701733492126505;0.0;Esporádicos Recientes
2390;15;26;1646.91;0.15167191892696016;0.1038490263584531;Frecuentes Regulares
2391;198;1;130.88;0.0;0.0;Esporádicos Recientes
2392;177;5;280.45;0.6149759315385988;0.24892137635942238;Cazadores de Ofertas
2393;200;2;72.5;0.0;0.0;Esporádicos Recientes
2394;14;21;999.4;0.3962077246347808;0.05231138683209926;Frecuentes Regulares
2395;16;9;879.13;0.0340222720189278;0.006176560918180474;Esporádicos Recientes
2396;379;6;419.35999999999996;0.07592521938191531;0.01836131247615414;Esporádicos / Desertores
2397;123;25;2063.0;0.3610567135239942;0.046442074648570045;Frecuentes Regulares
2398;384;15;1300.91;0.7068667317493139;0.045076139010385034;Cazadores de Ofertas
2399;155;2;239.10000000000002;0.0;0.0;Esporádicos Recientes
2400;389;1;20.17;1.0;0.0;Cazadores de Ofertas
2401;122;4;252.17000000000002;0.0;0.0;Esporádicos Recientes
2402;490;1;63.72;0.0;0.0;Esporádicos / Desertores
2403;109;5;520.42;0.39946581607163445;0.2263172053341532;Esporádicos Recientes
2404;372;4;285.85;0.7999650166171068;0.0;Cazadores de Ofertas
2405;594;5;215.83;0.782792012231849;0.0;Cazadores de Ofertas
2406;372;4;56.91;0.4245299595853101;0.0;Esporádicos / Desertores
2407;722;1;14.67;0.0;0.0;Esporádicos / Desertores
2408;75;23;981.87;0.3900210822206606;0.05419251021010928;Frecuentes Regulares
2409;623;24;2125.38;0.7929029161843999;0.06955462082074734;Cazadores de Ofertas
2410;302;8;342.47;0.7788711419978392;0.042923467748999904;Cazadores de Ofertas
2411;15;33;1976.8200000000002;0.2607167066298398;0.0195212513025971;Frecuentes Regulares
2412;518;7;471.81;0.2520718085670079;0.08774718636739365;Esporádicos / Desertores
2413;3;29;2048.71;0.4808440433248239;0.1317316750540584;Frecuentes Regulares
2414;202;8;681.27;0.0;0.023588298325186784;Esporádicos Recientes
2415;12;4;107.02;0.07073444216034386;0.0;Esporádicos Recientes
2416;5;28;2164.4700000000003;0.03264540511071994;0.0552791214477447;Frecuentes Regulares
2417;644;2;42.230000000000004;0.0;0.0;Esporádicos / Desertores
2418;284;6;341.69;0.133659164739969;0.032573385232228046;Esporádicos Recientes
2419;422;18;803.16;0.7696971960755019;0.13664774142138553;Cazadores de Ofertas
2420;281;3;262.34000000000003;1.0;0.0;Cazadores de Ofertas
2421;10;80;5764.25;0.1077451533156959;0.06887105868066097;Leales VIP / Crónicos
2422;348;6;297.26;0.5154073874722465;0.18559510193096954;Cazadores de Ofertas
2423;11;73;4957.24;0.37310882668581713;0.09279357061590725;Leales VIP / Crónicos
2424;380;9;672.6999999999999;0.7147911401813587;0.08382637133937863;Cazadores de Ofertas
2425;163;5;591.4499999999999;0.0;0.1566658212866684;Esporádicos Recientes
2426;46;6;443.59;0.9253815460222278;0.07978087873937646;Cazadores de Ofertas
2427;567;4;154.9;0.4235635894125242;0.0;Esporádicos / Desertores
2428;10;7;408.81;0.6195053937036765;0.0;Esporádicos Recientes
2429;516;1;15.56;1.0;0.0;Cazadores de Ofertas
2430;693;2;58.93;0.0;0.0;Esporádicos / Desertores
2431;90;6;496.71;0.12117734694288416;0.35813653842282217;Esporádicos Recientes
2432;504;6;843.12;0.41003653098016896;0.015359616661922383;Esporádicos / Desertores
2433;637;7;372.54;0.17665217157889085;0.0;Esporádicos / Desertores
2434;10;43;3661.87;0.42546840821765936;0.09545123120154456;Frecuentes Regulares
2435;126;8;541.37;0.3986737351534071;0.00967914734839389;Esporádicos Recientes
2436;109;3;381.76;1.0;0.0;Cazadores de Ofertas
2438;11;3;207.66000000000003;0.2065876914186651;0.0;Esporádicos Recientes
2439;4;9;477.7;0.0;0.006573163073058406;Esporádicos Recientes
2440;8;5;333.47;0.0;0.0;Esporádicos Recientes
2441;140;5;322.65999999999997;0.9746172441579374;0.10853530031612225;Cazadores de Ofertas
2442;35;4;372.26;0.0;0.0;Esporádicos Recientes
2443;19;31;2634.15;0.17506975684755993;0.0691076817948864;Frecuentes Regulares
2446;178;3;121.97;0.0;0.0;Esporádicos Recientes
2447;0;27;1619.0;0.07088943792464485;0.10641754169240274;Frecuentes Regulares
2448;663;1;15.39;0.0;0.0;Esporádicos / Desertores
2449;372;7;480.7;0.0;0.03869357187434991;Esporádicos / Desertores
2450;558;1;5.02;0.0;0.0;Esporádicos / Desertores
2451;382;25;1655.87;0.5752565116826804;0.0682903851147735;Cazadores de Ofertas
2452;533;1;33.39;1.0;0.0;Cazadores de Ofertas
2453;232;4;113.32000000000001;0.5193258030356512;0.26879632897988;Cazadores de Ofertas
2454;90;20;1851.77;0.31706961447695986;0.02374484952234889;Frecuentes Regulares
2455;86;4;371.17;1.0;0.0;Cazadores de Ofertas
2457;173;3;133.48;0.24970032963739885;0.0;Esporádicos Recientes
2458;31;25;1490.28;0.7376600370400193;0.1987277558579596;Frecuentes Regulares
2460;655;2;623.95;0.0;0.0;Esporádicos / Desertores
2461;514;5;882.44;1.0;0.07432799963736911;Cazadores de Ofertas
2462;153;10;504.46000000000004;0.12016810054315506;0.0;Esporádicos Recientes
2463;667;2;55.92;0.132689556509299;0.0;Esporádicos / Desertores
2464;727;1;44.33;1.0;0.0;Cazadores de Ofertas
2465;464;2;69.41;0.0;0.0;Esporádicos / Desertores
2466;240;14;655.55;0.6211272976889635;0.023857829303638167;Cazadores de Ofertas
2467;43;2;37.55;1.0;0.19627163781624501;Cazadores de Ofertas
2468;278;6;494.28000000000003;0.2240430525208384;0.0;Esporádicos Recientes
2469;19;5;216.17000000000002;0.8310588888374888;0.07443215987417309;Cazadores de Ofertas
2470;11;4;273.08000000000004;0.33334553976856596;0.0;Esporádicos Recientes
2471;86;8;383.90999999999997;0.3374749290198224;0.05923263264827695;Esporádicos Recientes
2472;298;5;232.03;0.8655346291427832;0.0;Cazadores de Ofertas
2473;13;19;2162.33;0.10117327142480564;0.07223689261121106;Frecuentes Regulares
2474;500;83;5267.39;0.38654627813774944;0.050345617089298494;Leales VIP / Crónicos
2475;408;6;308.24;0.6282442252790034;0.18797041266545547;Cazadores de Ofertas
2476;313;5;115.62;0.0;0.42570489534682576;En Riesgo (Solo Medicamentos)
2477;2;90;9238.130000000001;0.2666773470388487;0.04583611618368652;Leales VIP / Crónicos
2478;698;4;606.19;0.0;0.0;Esporádicos / Desertores
2479;582;3;140.36;1.0;0.0;Cazadores de Ofertas
2480;425;36;2759.73;0.10242306312574057;0.051885510539074475;Frecuentes Regulares
2482;659;2;87.94;0.0;0.37730270639072094;Esporádicos / Desertores
2483;75;19;753.35;0.32484237074401;0.12984668480785821;Esporádicos Recientes
2484;98;7;367.38;0.2459034242473733;0.49839403342588057;En Riesgo (Solo Medicamentos)
2485;403;5;409.37;0.9809951877274837;0.014803234237975426;Cazadores de Ofertas
2486;129;9;683.48;0.02144905483701059;0.02023468133668871;Esporádicos Recientes
2487;97;3;675.02;0.0;0.0;Esporádicos Recientes
2488;84;2;81.50000000000001;1.0;0.0;Cazadores de Ofertas
2489;98;7;346.22;0.267142279475478;0.12012593148864883;Esporádicos Recientes
2490;49;4;385.5;0.15424124513618678;0.0825940337224384;Esporádicos Recientes
2491;407;9;348.76;0.604828535382498;0.0;Cazadores de Ofertas
2492;373;57;4732.27;0.38113209939415965;0.05075788152408885;Leales VIP / Crónicos
2494;416;13;759.04;0.3733927065767285;0.0;Esporádicos / Desertores
2495;122;4;93.35;1.0;0.3195500803427959;Cazadores de Ofertas
2496;531;2;256.78000000000003;1.0;0.11270348157956227;Cazadores de Ofertas
2497;430;6;677.0999999999999;0.7523556343228475;0.02749963077831931;Cazadores de Ofertas
2498;206;7;156.5;0.4021086261980831;0.03495207667731629;Esporádicos Recientes
2499;209;1;245.68;0.0;0.0;Esporádicos Recientes
2500;693;2;117.13999999999999;0.0;0.0;Esporádicos / Desertores
2501;10;98;9072.78;0.41490810975246833;0.021039857684193815;Leales VIP / Crónicos
2502;163;4;455.33;0.11815606263589046;0.0;Esporádicos Recientes
2503;298;8;175.13;0.36658482270313486;0.0;Esporádicos Recientes
2504;474;1;19.06;1.0;0.0;Cazadores de Ofertas
2505;3;56;4924.33;0.3805451706120427;0.07212960951032932;Leales VIP / Crónicos
2506;146;6;598.87;0.4843789136206522;0.05904453387212583;Esporádicos Recientes
2507;124;3;132.82;1.0;0.0;Cazadores de Ofertas
2508;225;3;723.54;0.0;0.0;Esporádicos Recientes
2509;128;9;586.51;0.2712656220695299;0.2675657704045967;Esporádicos Recientes
2510;707;3;100.26;0.0;0.10911629762617195;Esporádicos / Desertores
2511;112;6;261.39000000000004;0.42717778032824505;0.1431959906652894;Esporádicos Recientes
2513;27;71;6163.95;0.2007657427461287;0.039813755789712774;Leales VIP / Crónicos
2514;52;19;1615.31;0.4141991320551473;0.04887606713262469;Frecuentes Regulares
2515;431;4;319.03;0.0;0.0;Esporádicos / Desertores
2516;188;3;139.1;0.4798705966930266;0.11272465851905104;Esporádicos Recientes
2517;536;2;93.39;0.7260948709711961;0.0;Cazadores de Ofertas
2518;156;4;165.57;0.0;0.23989853234281572;Esporádicos Recientes
2520;24;94;7342.2300000000005;0.2845402554809642;0.06835525446628613;Leales VIP / Crónicos
2521;521;3;745.6;0.0;0.0;Esporádicos / Desertores
2522;180;2;383.54;0.0;0.0;Esporádicos Recientes
2523;0;2;439.53;0.5072463768115942;0.0;Esporádicos Recientes
2524;48;6;357.08;0.7578133751540272;0.023188081102274005;Cazadores de Ofertas
2525;641;1;38.89;1.0;1.0;En Riesgo (Solo Medicamentos)
2526;53;7;227.65;0.5768504282890403;0.07766307928838129;Esporádicos Recientes
2527;381;3;298.08000000000004;0.0;0.0;Esporádicos / Desertores
2528;69;26;3526.74;0.13934681887522188;0.024166794263257286;Frecuentes Regulares
2529;22;7;523.24;0.6046173839920496;0.043517315189970186;Esporádicos Recientes
2530;264;2;119.66;0.0;0.0;Esporádicos Recientes
2531;68;8;1240.6000000000001;0.17998549089150412;0.023399967757536673;Esporádicos Recientes
2532;36;16;1319.23;0.19570507038196525;0.033678736838913606;Esporádicos Recientes
2533;542;1;29.86;0.0;0.0;Esporádicos / Desertores
2534;23;16;1656.76;0.37908327096260175;0.05749776672541587;Frecuentes Regulares
2535;2;98;7561.5;0.2012233022548436;0.05950009918666931;Leales VIP / Crónicos
2536;10;26;1799.14;0.2471903242660382;0.028508064964371863;Frecuentes Regulares
2537;192;3;85.93;1.0;0.280111718840917;Cazadores de Ofertas
2538;33;37;2289.93;0.10800766835667466;0.04536383208220339;Frecuentes Regulares
2539;351;7;891.48;0.025833445506348994;0.0;Esporádicos / Desertores
2540;445;2;48.8;0.0;0.0;Esporádicos / Desertores
2541;0;22;1484.6;0.007820288293142933;0.0271049440926849;Frecuentes Regulares
2542;13;19;1669.8500000000001;0.2916309848189957;0.07214420456927269;Frecuentes Regulares
2543;236;33;2319.38;0.5767834507497693;0.16753184040562563;Frecuentes Regulares
2544;2;65;4352.62;0.22196975614687245;0.09335067154954947;Leales VIP / Crónicos
2545;213;3;127.02000000000001;0.0;0.0;Esporádicos Recientes
2546;452;8;336.0;0.0;0.03511904761904762;Esporádicos / Desertores
2547;270;7;595.0;0.1084201680672269;0.0;Esporádicos Recientes
2548;49;2;377.77;1.0;0.0;Cazadores de Ofertas
2549;95;8;1079.48;0.602289991477378;0.05674028235817245;Cazadores de Ofertas
2550;167;3;215.01999999999998;0.39089387033764306;0.0;Esporádicos Recientes
2551;172;8;728.19;0.10925719935731058;0.0;Esporádicos Recientes
2552;302;3;346.69;0.0;0.0;Esporádicos Recientes
2553;465;6;439.98;0.0;0.0;Esporádicos / Desertores
2554;533;2;110.36999999999999;1.0;0.0;Cazadores de Ofertas
2555;145;7;290.83;0.8044905958807551;0.03520957260255132;Cazadores de Ofertas
2556;26;30;1860.84;0.4778003482298317;0.15521484920788461;Frecuentes Regulares
2557;11;33;3119.48;0.3115102517086181;0.044145178042494265;Frecuentes Regulares
2558;326;1;254.99;0.0;0.0;Esporádicos / Desertores
2559;220;2;230.30999999999997;0.0;0.0;Esporádicos Recientes
2560;643;3;186.22;1.0;0.6954677263451831;En Riesgo (Solo Medicamentos)
2561;10;15;1591.69;0.20617079959037246;0.02111592081372629;Frecuentes Regulares
2562;377;6;407.73;0.9607092929144287;0.03929070708557133;Cazadores de Ofertas
2563;392;2;211.98000000000002;0.0;0.0;Esporádicos / Desertores
2565;25;6;383.84;0.04384639433097123;0.10363693205502293;Esporádicos Recientes
2566;23;25;1675.05;0.5122951553684965;0.06003402883496016;Frecuentes Regulares
2567;313;3;348.70000000000005;0.0;0.029194149698881556;Esporádicos / Desertores
2568;30;15;937.74;0.29811035041695993;0.04414869793332907;Esporádicos Recientes
2569;44;6;435.85;0.8168406561890559;0.0;Cazadores de Ofertas
2570;641;7;633.26;0.10453842023813284;0.0301771784101317;Esporádicos / Desertores
2571;578;3;60.25;0.2901244813278008;0.0;Esporádicos / Desertores
2572;25;50;4265.75;0.25241516732110414;0.0459942565785618;Frecuentes Regulares
2574;30;4;327.81;1.0;0.0;Cazadores de Ofertas
2575;211;6;428.55;0.04876910512192276;0.09870493524676233;Esporádicos Recientes
2576;82;2;39.25;0.0;0.0;Esporádicos Recientes
2577;147;4;309.73;0.0;0.3415232621961063;Esporádicos Recientes
2578;662;3;82.96;0.0;0.3769286403085824;Esporádicos / Desertores
2579;193;3;489.08;0.32129712930399934;0.0;Esporádicos Recientes
2580;53;16;1354.01;0.09841877091011145;0.09777623503519177;Esporádicos Recientes
2582;199;1;77.98;0.0;0.0;Esporádicos Recientes
2583;172;2;98.10000000000001;0.7099898063200816;0.0;Cazadores de Ofertas
2585;15;6;437.02;0.7556633563681296;0.0;Cazadores de Ofertas
2586;456;4;273.37;0.7369499213520136;0.0;Cazadores de Ofertas
2587;18;19;1580.56;0.16480867540618516;0.06683074353393734;Frecuentes Regulares
2588;379;1;19.8;0.0;1.0;En Riesgo (Solo Medicamentos)
2589;10;2;79.99;0.0;0.0;Esporádicos Recientes
2590;48;3;234.19;1.0;0.24937016952047483;Cazadores de Ofertas
2591;700;1;35.85;1.0;0.0;Cazadores de Ofertas
2592;10;25;1625.44;0.403269268628802;0.07664386258490008;Frecuentes Regulares
2593;185;5;108.26;0.3241271014225014;0.0;Esporádicos Recientes
2594;284;5;168.51;1.0;0.2002848495638241;Cazadores de Ofertas
2595;473;5;239.69;0.636238474696483;0.0;Cazadores de Ofertas
2596;144;17;860.26;0.027607932485527637;0.023004673005835443;Esporádicos Recientes
2597;355;5;261.28;1.0;0.0;Cazadores de Ofertas
2599;147;3;183.32999999999998;0.0;0.38902525500463647;Esporádicos Recientes
2600;71;23;1593.23;0.2160328389498064;0.050312886400582464;Frecuentes Regulares
2601;47;27;2216.87;0.2784917473735492;0.050431464181481096;Frecuentes Regulares
2602;52;1;69.11;0.0;0.0;Esporádicos Recientes
2603;333;1;139.13;1.0;0.0;Cazadores de Ofertas
2604;172;4;349.28000000000003;0.055743243243243236;0.0;Esporádicos Recientes
2605;699;2;41.08;1.0;0.0;Cazadores de Ofertas
2606;144;1;50.52;0.0;0.0;Esporádicos Recientes
2607;58;4;173.23;0.0;0.14951220920163943;Esporádicos Recientes
2608;286;25;1360.69;0.6366108371487995;0.06667205608919004;Cazadores de Ofertas
2609;22;1;73.93;0.0;0.0;Esporádicos Recientes
2610;26;42;2198.31;0.22458161041891272;0.04589434611133098;Frecuentes Regulares
2611;4;3;144.67;0.0;0.07002142807769407;Esporádicos Recientes
2612;18;7;216.81;0.06401918730685854;0.10008763433420968;Esporádicos Recientes
2613;295;5;341.59000000000003;0.044234315992856925;0.11756784449193476;Esporádicos Recientes
2614;573;2;168.56;0.0;0.0;Esporádicos / Desertores
2615;250;2;295.58;1.0;0.0;Cazadores de Ofertas
2616;140;29;1295.63;0.34672707485933485;0.039880212715049816;Frecuentes Regulares
2617;172;5;126.94;0.6262013549708524;0.08799432802899007;Cazadores de Ofertas
2618;40;27;2133.62;0.4828929237633693;0.04950272307158726;Frecuentes Regulares
2619;452;3;172.67;0.7576301615798923;0.0;Cazadores de Ofertas
2620;162;3;152.5;0.0;0.05088524590163934;Esporádicos Recientes
2621;172;9;697.27;0.7372180073716064;0.016091327606235748;Cazadores de Ofertas
2622;473;1;238.82;1.0;0.0;Cazadores de Ofertas
2623;74;7;560.34;0.9830460077809902;0.0;Cazadores de Ofertas
2624;125;3;138.57;1.0;0.2924153857256261;Cazadores de Ofertas
2625;11;9;421.12;0.0;0.018712006079027354;Esporádicos Recientes
2627;303;6;498.16;0.9476674160912157;0.06522000963545847;Cazadores de Ofertas
2629;552;1;75.92;0.0;0.0;Esporádicos / Desertores
2631;3;2;166.31;0.0;0.0;Esporádicos Recientes
2632;236;6;145.26000000000002;1.0;0.03641745835054385;Cazadores de Ofertas
2633;161;1;34.02;0.0;0.0;Esporádicos Recientes
2634;221;6;189.26;0.0;0.6481031385395752;En Riesgo (Solo Medicamentos)
2635;340;2;370.66;0.0;0.30615658555009984;Esporádicos / Desertores
2636;489;1;4.31;0.0;0.0;Esporádicos / Desertores
2637;79;5;431.11;0.15866020273248127;0.2651063533668901;Esporádicos Recientes
2638;542;2;103.23;0.0;0.4565533275210695;En Riesgo (Solo Medicamentos)
2639;25;27;2260.9900000000002;0.2522434862604434;0.07351204560833971;Frecuentes Regulares
2640;24;35;2664.06;0.18825401830289107;0.10962966299557818;Frecuentes Regulares
2641;174;3;291.24;0.8149636039005631;0.0;Cazadores de Ofertas
2642;518;2;582.2800000000001;1.0;0.0;Cazadores de Ofertas
2643;161;6;391.75;0.0;0.08707083599234205;Esporádicos Recientes
2644;63;33;2567.7799999999997;0.31951335394776814;0.056013365631012016;Frecuentes Regulares
2645;598;78;7023.23;0.3867963885562626;0.074018649538745;Leales VIP / Crónicos
2646;225;1;30.1;0.0;0.0;Esporádicos Recientes
2647;639;27;2252.29;0.03794804399078272;0.035128691243134766;Esporádicos / Desertores
2648;388;1;85.46;0.0;0.0;Esporádicos / Desertores
2650;16;17;1234.99;0.5950655470894501;0.10788751325921668;Frecuentes Regulares
2651;197;9;515.71;0.3754629539857672;0.20781059122374976;Esporádicos Recientes
2652;5;61;4284.96;0.4892367723385982;0.05285696949329749;Leales VIP / Crónicos
2653;23;27;1560.81;0.4537964262145937;0.14350881913878052;Frecuentes Regulares
2654;458;2;30.97;1.0;0.07039070067807557;Cazadores de Ofertas
2655;96;5;172.21;0.8807850879739852;0.0;Cazadores de Ofertas
2656;665;3;195.99;0.278891780192867;0.4372672075105873;En Riesgo (Solo Medicamentos)
2657;5;32;1964.46;0.17695448112967432;0.07313460187532451;Frecuentes Regulares
2658;312;4;393.84000000000003;0.0;0.0;Esporádicos / Desertores
2659;399;7;548.8199999999999;0.8413869756933057;0.0;Cazadores de Ofertas
2660;2;70;4835.63;0.2551146386303336;0.07880255519963272;Leales VIP / Crónicos
2661;19;9;487.08000000000004;0.03882319126221565;0.2521146423585448;Esporádicos Recientes
2662;160;2;90.02;0.7559431237502777;0.24405687624972228;Cazadores de Ofertas
2663;514;8;362.84;0.3553081247932973;0.28139124683055894;Esporádicos / Desertores
2664;187;5;464.63000000000005;0.6221509588274542;0.03678195553451133;Cazadores de Ofertas
2665;34;2;253.12;0.9877133375474083;0.0;Cazadores de Ofertas
2666;20;33;2607.29;0.1124194086580319;0.07963824507438758;Frecuentes Regulares
2667;39;28;1507.16;0.1432429204596725;0.05660978263754345;Frecuentes Regulares
2668;89;1;160.28999999999996;1.0;0.0;Cazadores de Ofertas
2669;489;2;113.76;0.0;0.0;Esporádicos / Desertores
2670;60;90;6566.91;0.20327216301121837;0.10052825453676081;Leales VIP / Crónicos
2671;450;2;95.13;0.0;0.0;Esporádicos / Desertores
2672;123;7;552.78;0.26876876876876876;0.0;Esporádicos Recientes
2673;9;6;704.24;0.5670510053390889;0.07153811200727024;Esporádicos Recientes
2674;87;32;1786.52;0.4253632760898283;0.04046974005328796;Frecuentes Regulares
2675;41;5;332.58;0.0;0.022851644717060558;Esporádicos Recientes
2676;333;3;66.35;1.0;0.19035418236623966;Cazadores de Ofertas
2677;10;57;4914.4800000000005;0.10241164884178997;0.10446680014976151;Leales VIP / Crónicos
2678;39;4;170.63;0.0;0.0;Esporádicos Recientes
2679;238;4;153.6;0.6493489583333333;0.0;Cazadores de Ofertas
2680;71;5;233.73;0.31134214692166173;0.0;Esporádicos Recientes
2681;605;2;130.44;1.0;0.0;Cazadores de Ofertas
2682;5;28;1969.74;0.2793922040472347;0.05913470813406846;Frecuentes Regulares
2683;11;26;1426.77;0.13465379843983263;0.07810649228677362;Frecuentes Regulares
2684;75;17;1139.3600000000001;0.7348862519309085;0.12248104198848477;Cazadores de Ofertas
2685;26;2;116.38;0.4490462278742052;0.0;Esporádicos Recientes
2686;493;2;129.74;0.0;0.0;Esporádicos / Desertores
2687;29;30;1565.4;0.21510157148332695;0.04159959115880925;Frecuentes Regulares
2688;542;9;2152.78;0.39836862103884285;0.0;Esporádicos / Desertores
2689;31;2;72.96;0.050986842105263164;0.050986842105263164;Esporádicos Recientes
2690;21;4;298.02;0.852795114421851;0.14720488557814912;Cazadores de Ofertas
2691;449;6;363.25;0.0;0.036283551273227806;Esporádicos / Desertores
2692;102;7;613.94;0.0;0.0;Esporádicos Recientes
2694;362;5;346.56;0.7173361034164357;0.0;Cazadores de Ofertas
2695;524;2;40.77;1.0;0.0;Cazadores de Ofertas
2696;57;40;3131.59;0.3142365379886895;0.04110372047426387;Frecuentes Regulares
2697;422;2;269.24;0.0;0.0;Esporádicos / Desertores
2698;3;33;2314.01;0.42817878920142954;0.0033707719499915727;Frecuentes Regulares
2699;56;7;597.14;0.05328733630304451;0.06725391030579093;Esporádicos Recientes
2700;164;5;680.53;0.2846898740687406;0.0;Esporádicos Recientes
2701;27;8;457.51;0.31402592293064635;0.16185438569648752;Esporádicos Recientes
2702;111;20;1759.13;0.547048825271583;0.16958382836970545;Frecuentes Regulares
2706;255;8;358.0;0.05472067039106145;0.05472067039106145;Esporádicos Recientes
2707;387;4;255.15;0.39862825788751716;0.029786400156770525;Esporádicos / Desertores
2708;601;2;111.59;1.0;0.0;Cazadores de Ofertas
2709;174;1;27.19;0.0;0.0;Esporádicos Recientes
2710;641;1;7.78;0.0;0.0;Esporádicos / Desertores
2711;348;2;91.53999999999999;0.4186148131964169;0.0;Esporádicos / Desertores
2712;65;36;2010.48;0.5561408220922366;0.13977259161991165;Frecuentes Regulares
2713;46;38;2737.82;0.20678861283795133;0.080085615562747;Frecuentes Regulares
2714;21;2;237.57;0.0;0.0;Esporádicos Recientes
2715;93;9;747.8399999999999;0.3105477107402653;0.124170945656825;Esporádicos Recientes
2716;614;10;890.9699999999999;0.7578818590973884;0.007418880545921862;Cazadores de Ofertas
2718;403;4;92.08;0.46264118158123374;0.46264118158123374;En Riesgo (Solo Medicamentos)
2719;42;4;196.79000000000002;0.053254738553788296;0.02195233497637075;Esporádicos Recientes
2720;520;4;371.18;0.1401206961581982;0.12147745029365807;Esporádicos / Desertores
2721;545;8;859.71;0.0;0.0048155773458491815;Esporádicos / Desertores
2722;0;83;5476.04;0.33047603742850673;0.05545248025945757;Leales VIP / Crónicos
2723;23;5;220.73000000000002;0.2939790694513659;0.0;Esporádicos Recientes
2724;15;88;8401.43;0.18843458792134196;0.04523396612243392;Leales VIP / Crónicos
2725;3;4;294.23;0.0;0.0;Esporádicos Recientes
2726;625;1;40.620000000000005;1.0;0.0;Cazadores de Ofertas
2727;21;23;2046.77;0.19051969688826786;0.09001499924270925;Frecuentes Regulares
2728;366;6;606.74;0.0;0.07311204140158882;Esporádicos / Desertores
2729;4;32;2648.36;0.24876149768158404;0.009322750683441829;Frecuentes Regulares
2730;23;67;5046.97;0.10642425058995793;0.055694803020426106;Leales VIP / Crónicos
2731;123;5;128.62;0.46338050069973563;0.06515316436013062;Esporádicos Recientes
2732;254;5;295.73;0.742332533053799;0.24424305954756026;Cazadores de Ofertas
2733;23;19;1591.97;0.37271430994302657;0.030396301437841167;Frecuentes Regulares
2734;364;4;256.76;0.4926000934725035;0.0;Cazadores de Ofertas
2736;151;1;38.17;0.0;0.0;Esporádicos Recientes
2737;583;1;52.12;0.0;0.0;Esporádicos / Desertores
2738;297;5;57.739999999999995;1.0;0.0767232421198476;Cazadores de Ofertas
2739;10;36;3605.48;0.3316035590268147;0.06898388009363525;Frecuentes Regulares
2740;369;1;61.24;0.0;0.0;Esporádicos / Desertores
2741;92;5;466.52;0.15298379490697078;0.0;Esporádicos Recientes
2742;50;7;157.57999999999998;0.3303084147734484;0.07748445234166773;Esporádicos Recientes
2743;438;3;215.8;0.0;0.0;Esporádicos / Desertores
2744;359;7;361.08;0.2771961892101474;0.0;Esporádicos / Desertores
2745;32;4;294.06;0.0;0.09406243623750254;Esporádicos Recientes
2746;87;1;53.2;0.0;0.0;Esporádicos Recientes
2747;323;10;414.86;0.31364797763100805;0.19568047052017548;Esporádicos / Desertores
2748;10;106;6197.57;0.4588556482621415;0.05679968116535997;Leales VIP / Crónicos
2749;2;35;3689.31;0.5266865619858456;0.07981438263523533;Frecuentes Regulares
2751;66;2;262.07;0.0;0.0;Esporádicos Recientes
2752;23;18;1512.25;0.12425194246982972;0.0;Frecuentes Regulares
2753;170;6;333.35;0.28042597870106495;0.06731663416829158;Esporádicos Recientes
2754;7;23;1318.57;0.22308258188795438;0.0930174355551848;Frecuentes Regulares
2755;136;2;50.400000000000006;1.0;0.0;Cazadores de Ofertas
2756;528;7;358.25;0.38796929518492673;0.3087508722958828;Esporádicos / Desertores
2757;17;19;1547.16;0.05168825460844386;0.09401742547635668;Frecuentes Regulares
2758;526;4;373.61;0.9556757046117609;0.044324295388239066;Cazadores de Ofertas
2759;109;6;521.9;0.35537459283387623;0.205690745353516;Esporádicos Recientes
2760;176;5;251.21;0.01866963894749413;0.01866963894749413;Esporádicos Recientes
2761;29;8;751.03;0.8620827397041397;0.0;Cazadores de Ofertas
2763;279;3;97.32000000000001;0.46115906288532676;0.0;Cazadores de Ofertas
2764;659;4;237.96;0.0;0.07215498403092957;Esporádicos / Desertores
2765;202;5;215.07;0.0;0.208908727391082;Esporádicos Recientes
2766;699;1;7.24;0.0;0.0;Esporádicos / Desertores
2767;1;64;4170.860000000001;0.3268942136633692;0.08307639191917253;Leales VIP / Crónicos
2768;166;9;488.34;0.5521562845558422;0.3065487160584839;Cazadores de Ofertas
2769;179;2;37.83;0.0;0.0;Esporádicos Recientes
2770;24;23;1287.21;0.2503787260819913;0.02728381538365923;Frecuentes Regulares
2771;139;1;103.51;0.0;0.0;Esporádicos Recientes
2772;181;2;215.34;0.0;0.0;Esporádicos Recientes
2773;65;12;982.26;0.08937552175595057;0.03961272982713334;Esporádicos Recientes
2774;698;2;55.67;1.0;0.0;Cazadores de Ofertas
2775;7;82;6962.49;0.32920837229209665;0.03762447055579254;Leales VIP / Crónicos
2776;22;30;3752.2000000000003;0.0925083950748894;0.03349235115398966;Frecuentes Regulares
2777;197;7;600.01;0.3763937267712205;0.06748220862985617;Esporádicos Recientes
2778;443;15;647.3;0.03576394253051136;0.18237293372470262;Esporádicos / Desertores
2779;474;17;1054.34;0.2919077337481268;0.05016408369216761;Esporádicos / Desertores
2780;448;2;74.97;0.3488061891423236;0.0;Esporádicos / Desertores
2781;114;4;729.29;1.0;0.0;Cazadores de Ofertas
2782;98;4;282.37;0.28986790381414457;0.0;Esporádicos Recientes
2783;666;2;68.3;0.0;0.0;Esporádicos / Desertores
2784;147;33;2455.58;0.0417131594165126;0.09709722346655374;Frecuentes Regulares
2785;288;2;433.7;1.0;0.0;Cazadores de Ofertas
2786;134;3;127.58000000000001;0.0;0.0;Esporádicos Recientes
2787;11;25;1330.49;0.32533878495892493;0.025163661508166162;Frecuentes Regulares
2788;568;3;455.48;0.0;0.0;Esporádicos / Desertores
2789;110;2;82.63;0.0;0.0;Esporádicos Recientes
2790;94;4;87.43;1.0;0.2907468832208624;Cazadores de Ofertas
2791;654;2;182.98999999999998;0.0;0.11448713044428659;Esporádicos / Desertores
2792;450;7;707.64;0.0;0.0;Esporádicos / Desertores
2793;47;4;135.45;0.8180878552971577;0.0;Cazadores de Ofertas
2794;79;10;888.51;0.724189935960203;0.022869748230183114;Cazadores de Ofertas
2795;204;10;390.84000000000003;0.03318493501176952;0.05805444683246341;Esporádicos Recientes
2796;272;7;508.98;0.22501866478054147;0.013124287791268811;Esporádicos Recientes
2797;2;96;6014.59;0.11166845952924472;0.05524233572030678;Leales VIP / Crónicos
2799;470;4;222.37;0.6965867697980843;0.15919413589962675;Cazadores de Ofertas
2800;104;8;397.23;0.9617350149787277;0.16982604536414672;Cazadores de Ofertas
2801;9;17;1607.2;0.10349676455948233;0.12196366351418615;Frecuentes Regulares
2802;175;6;185.53;0.0;0.0;Esporádicos Recientes
2803;31;8;536.59;0.1299502413388248;0.07635252241003372;Esporádicos Recientes
2804;2;24;2028.02;0.10131063796215029;0.07946174100847132;Frecuentes Regulares
2805;459;3;86.95;1.0;0.0;Cazadores de Ofertas
2806;437;3;132.87;0.6029954090464363;0.0;Cazadores de Ofertas
2807;460;1;89.96;1.0;0.0;Cazadores de Ofertas
2808;24;1;57.55;1.0;0.0;Cazadores de Ofertas
2809;8;76;6517.9800000000005;0.3253461962141645;0.07846756203609093;Leales VIP / Crónicos
2811;30;4;324.62;0.28008132585792617;0.0;Esporádicos Recientes
2813;243;4;127.08;0.1621026125275417;0.0;Esporádicos Recientes
2814;16;29;2458.34;0.0675211728239381;0.06329881139305385;Frecuentes Regulares
2815;64;3;172.89999999999998;0.0;0.2629265471370735;Esporádicos Recientes
2816;335;1;224.7;0.0;0.0;Esporádicos / Desertores
2817;353;7;474.65000000000003;1.0;0.13159169914673968;Cazadores de Ofertas
2818;48;28;1438.06;0.28953590253536016;0.06315452762749815;Frecuentes Regulares
2819;178;4;197.34;0.5917705482922874;0.14132968480794567;Cazadores de Ofertas
2821;123;8;441.29;0.0;0.0;Esporádicos Recientes
2822;185;2;213.06;0.0;0.6164460715291468;En Riesgo (Solo Medicamentos)
2823;169;7;429.99;0.27756459452545407;0.010442103304728017;Esporádicos Recientes
2824;248;6;830.27;0.0;0.0;Esporádicos Recientes
2825;246;3;110.44999999999999;0.7964689904934359;0.0;Cazadores de Ofertas
2826;13;18;1370.16;0.0960909674782507;0.049578151456764176;Esporádicos Recientes
2827;12;30;1917.43;0.14396874983702143;0.2064377839086694;Frecuentes Regulares
2828;660;21;1296.6;0.5266620391793922;0.045650161962054604;Esporádicos / Desertores
2829;653;1;23.55;0.0;0.0;Esporádicos / Desertores
2830;60;3;256.76;0.0;0.0;Esporádicos Recientes
2831;546;4;327.68;0.0;0.0;Esporádicos / Desertores
2832;124;5;414.07000000000005;0.8822421329726858;0.0;Cazadores de Ofertas
2834;368;16;1553.67;0.16009834778299123;0.05393037131437177;Esporádicos / Desertores
2835;153;7;389.84999999999997;0.41356932153392334;0.04824932666410158;Esporádicos Recientes
2836;642;16;1150.94;0.4841173301822857;0.043972752706483396;Esporádicos / Desertores
2837;27;20;1487.4;0.5145757697996504;0.10982250907624042;Frecuentes Regulares
2838;25;5;300.87;0.42995313590587303;0.570046864094127;En Riesgo (Solo Medicamentos)
2839;48;7;256.92;0.0;0.5137396855052156;En Riesgo (Solo Medicamentos)
2840;11;29;2137.76;0.3777832871791033;0.04222644263153955;Frecuentes Regulares
2841;633;7;691.5;0.21391178597252353;0.04260303687635575;Esporádicos / Desertores
2843;337;2;95.43;0.0;0.0;Esporádicos / Desertores
2844;153;1;101.98;0.0;0.0;Esporádicos Recientes
2845;346;2;29.85;1.0;0.0;Cazadores de Ofertas
2846;38;4;302.37000000000006;0.8831563977907863;0.11684360220921385;Cazadores de Ofertas
2847;243;5;220.26999999999998;0.0;0.0;Esporádicos Recientes
2848;393;33;2511.71;0.30360590991794434;0.04126272539425332;Frecuentes Regulares
2849;409;3;518.26;0.0;0.04156215027206421;Esporádicos / Desertores
2851;10;5;245.88;0.0;0.0;Esporádicos Recientes
2852;366;5;710.2900000000001;0.35944473384110714;0.01082656379788537;Esporádicos / Desertores
2853;706;2;160.54;0.0;0.0;Esporádicos / Desertores
2854;69;2;146.33;0.0;0.0;Esporádicos Recientes
2855;371;1;60.02;1.0;0.0;Cazadores de Ofertas
2856;14;10;769.97;0.26633505201501356;0.15909710767951998;Esporádicos Recientes
2857;58;22;1953.48;0.22316583737739829;0.05710322091856584;Frecuentes Regulares
2858;502;6;163.02;0.5580910317752423;0.4278002699055331;En Riesgo (Solo Medicamentos)
2859;562;2;144.58;0.0;0.0;Esporádicos / Desertores
2861;212;2;77.37;0.0;0.0;Esporádicos Recientes
2862;2;6;409.27;0.0;0.0;Esporádicos Recientes
2863;79;21;1203.85;0.28476969722141465;0.05513975993686921;Frecuentes Regulares
2864;99;10;1165.07;0.3645532028118483;0.08395203721664793;Esporádicos Recientes
2865;678;3;196.67999999999998;1.0;0.14002440512507627;Cazadores de Ofertas
2866;582;5;184.67000000000002;0.184653706611794;0.0;Esporádicos / Desertores
2867;20;22;1369.3;0.23122033155626964;0.0328269918936683;Frecuentes Regulares
2868;51;11;1717.1100000000001;0.2454647634688517;0.013417894019602703;Frecuentes Regulares
2869;378;4;239.2;1.0;0.06191471571906355;Cazadores de Ofertas
2870;277;8;496.05;0.5438967845983268;0.2228202802136881;Cazadores de Ofertas
2871;419;2;105.8;1.0;0.2011342155009452;Cazadores de Ofertas
2872;284;2;29.459999999999997;0.0;1.0;En Riesgo (Solo Medicamentos)
2873;52;1;20.44;0.0;1.0;En Riesgo (Solo Medicamentos)
2874;50;3;91.22;0.447051085288314;0.0;Esporádicos Recientes
2875;164;20;1494.44;0.19058644040577072;0.059534006049088616;Frecuentes Regulares
2876;690;26;1699.04;0.169472172520953;0.09767280346548639;Esporádicos / Desertores
2877;380;2;233.02000000000004;0.7589477298086001;0.0;Cazadores de Ofertas
2878;23;10;795.99;0.2706064146534504;0.013291624266636515;Esporádicos Recientes
2880;5;90;6084.79;0.4449405813512052;0.05228446667838989;Leales VIP / Crónicos
2881;36;2;68.65;1.0;0.4078659868900218;Cazadores de Ofertas
2883;11;5;105.24;0.44640820980615736;0.44640820980615736;En Riesgo (Solo Medicamentos)
2884;48;21;2066.29;0.3888999124033897;0.01834205266443723;Frecuentes Regulares
2885;29;3;1201.49;0.0;0.0;Esporádicos Recientes
2886;14;16;789.4;0.30064606029896124;0.14735241955915884;Esporádicos Recientes
2887;21;2;44.99;0.0;0.0;Esporádicos Recientes
2888;203;1;20.62;0.0;1.0;En Riesgo (Solo Medicamentos)
2889;227;5;218.76;0.9724812579996344;0.13645090510148108;Cazadores de Ofertas
2890;667;3;325.28000000000003;0.0;0.0;Esporádicos / Desertores
2891;132;1;25.24;0.0;0.0;Esporádicos Recientes
2892;150;1;58.02;0.0;0.0;Esporádicos Recientes
2893;558;29;1445.64;0.2099831216623779;0.24287512797100244;Esporádicos / Desertores
2894;5;90;6422.92;0.2855912886973526;0.09736537275880752;Leales VIP / Crónicos
2895;183;90;8049.47;0.26057491983944286;0.03738382775511928;Leales VIP / Crónicos
2896;3;6;291.59000000000003;0.5943619465688124;0.0;Esporádicos Recientes
2897;58;15;1382.25;0.8600831976849341;0.08034002532103456;Cazadores de Ofertas
2898;0;8;624.9000000000001;0.0;0.016642662826052167;Esporádicos Recientes
2899;422;34;2254.45;0.4671693761227794;0.04785646166470759;Frecuentes Regulares
2900;415;5;208.61;0.17295431666746558;0.11672498921432337;Esporádicos / Desertores
2901;11;6;418.50000000000006;0.21285543608124252;0.0;Esporádicos Recientes
2902;9;2;104.83000000000001;0.6253934942287512;0.0;Esporádicos Recientes
2903;386;5;223.06;0.0;0.1492423563166861;Esporádicos / Desertores
2904;260;4;373.98;0.5927857104658003;0.08960372212417775;Cazadores de Ofertas
2905;376;68;4931.85;0.4974178046777578;0.04438496710159474;Leales VIP / Crónicos
2906;10;8;819.39;0.05128205128205129;0.14491267894409254;Esporádicos Recientes
2907;667;2;70.22;1.0;0.0;Cazadores de Ofertas
2908;180;5;339.06;0.0;0.0;Esporádicos Recientes
2909;31;25;2361.78;0.021242452726333527;0.05030104412773416;Frecuentes Regulares
2910;689;3;297.48;1.0;0.16982654296087132;Cazadores de Ofertas
2911;203;6;318.35999999999996;0.6103781882145998;0.0;Cazadores de Ofertas
2912;500;2;114.53;0.7480136208853576;0.25198637911464244;Cazadores de Ofertas
2913;545;9;405.01;0.10165181106639343;0.1566874891977976;Esporádicos / Desertores
2914;172;5;368.43;0.0;0.0;Esporádicos Recientes
2915;652;2;37.629999999999995;0.0;0.203029497741164;Esporádicos / Desertores
2916;241;3;193.82000000000002;1.0;0.0;Cazadores de Ofertas
2917;726;1;35.32;0.0;0.0;Esporádicos / Desertores
2918;16;5;536.7700000000001;0.23831436183095175;0.24667921083518074;Esporádicos Recientes
2919;48;9;504.83;1.0;0.0;Cazadores de Ofertas
2920;6;4;778.96;0.7114871110198213;0.056793673616103525;Cazadores de Ofertas
2921;10;34;2398.87;0.31255132624944243;0.04802261064584576;Frecuentes Regulares
2922;257;4;320.13;0.12713585106050668;0.0;Esporádicos Recientes
2923;385;4;74.42999999999999;0.0;0.1514174392046218;Esporádicos / Desertores
2924;35;25;2121.7599999999998;0.25373746323806656;0.07627629892164994;Frecuentes Regulares
2925;332;1;93.29;1.0;0.0;Cazadores de Ofertas
2926;8;39;2746.98;0.21556400119403854;0.05117984113462785;Frecuentes Regulares
2927;44;6;251.69;0.8529142993364854;0.0;Cazadores de Ofertas
2928;101;7;334.65;0.7684446436575528;0.0;Cazadores de Ofertas
2929;24;41;3157.61;0.7481196221192611;0.07715328998831394;Frecuentes Regulares
2930;695;1;14.26;1.0;0.0;Cazadores de Ofertas
2931;340;5;465.56;0.37318498152762264;0.0;Esporádicos / Desertores
2932;594;47;3258.71;0.57955448628445;0.0545737423704472;Frecuentes Regulares
2933;25;24;1736.72;0.3434635404670874;0.019692293518817083;Frecuentes Regulares
2934;536;4;214.81;0.21963595735766492;0.0;Esporádicos / Desertores
2935;58;22;1384.54;0.3098790934173083;0.1331128028081529;Frecuentes Regulares
2936;13;33;3611.86;0.20198180438887442;0.027035931625256793;Frecuentes Regulares
2937;476;22;1692.3;0.331607870944868;0.017680080364001653;Esporádicos / Desertores
2938;5;88;6152.45;0.18375281391965803;0.0864094791505823;Leales VIP / Crónicos
2939;10;33;2063.87;0.2534558862719067;0.0846661853702026;Frecuentes Regulares
2940;471;7;256.85;0.0;0.0;Esporádicos / Desertores
2941;14;24;2171.5699999999997;0.6812352353366459;0.031249280474495416;Frecuentes Regulares
2942;63;7;189.76999999999998;0.15323813036834064;0.15323813036834064;Esporádicos Recientes
2943;28;30;2843.76;0.12053408163839423;0.0640279067150533;Frecuentes Regulares
2944;391;1;331.34000000000003;1.0;0.0;Cazadores de Ofertas
2945;221;1;142.5;0.0;0.0;Esporádicos Recientes
2946;22;30;2011.68;0.43023741350513;0.024551618547681536;Frecuentes Regulares
2947;590;1;22.64;0.0;1.0;En Riesgo (Solo Medicamentos)
2948;679;1;48.78;1.0;0.0;Cazadores de Ofertas
2949;204;6;426.53;0.07725130705929244;0.06266851100743208;Esporádicos Recientes
2950;336;2;131.12;0.0;0.5552928615009152;En Riesgo (Solo Medicamentos)
2951;193;4;249.23000000000002;0.8671909481202102;0.13280905187978975;Cazadores de Ofertas
2952;12;7;362.28999999999996;0.3357255237516907;0.0;Esporádicos Recientes
2953;11;21;1670.52;0.4162356631468046;0.03153509086990877;Frecuentes Regulares
2954;294;3;57.06;0.0;0.24465474938661058;Esporádicos Recientes
2955;149;1;88.13;0.0;0.0;Esporádicos Recientes
2956;303;4;232.16;0.0;0.0;Esporádicos Recientes
2957;169;1;73.84;0.0;0.0;Esporádicos Recientes
2958;12;3;148.34;0.7507078333558043;0.0582445732776055;Cazadores de Ofertas
2959;381;2;29.29;1.0;0.8811881188118812;En Riesgo (Solo Medicamentos)
2960;159;4;507.34;0.06327117909094493;0.0;Esporádicos Recientes
2961;162;35;2519.62;0.3692024987895;0.09242266691008963;Frecuentes Regulares
2962;200;5;347.0;0.3761671469740634;0.30962536023054754;Esporádicos Recientes
2963;142;3;397.84000000000003;0.014427910717876533;0.0;Esporádicos Recientes
2964;603;2;591.42;1.0;0.0;Cazadores de Ofertas
2965;524;3;294.23;0.8927709614927097;0.0;Cazadores de Ofertas
2966;293;1;17.34;1.0;0.0;Cazadores de Ofertas
2968;184;7;242.72;0.8675016479894528;0.14432267633487147;Cazadores de Ofertas
2969;491;3;616.95;0.9328308614960693;0.060588378312667154;Cazadores de Ofertas
2970;221;5;223.07999999999998;0.8239196700735162;0.018379056840595303;Cazadores de Ofertas
2971;179;3;245.81;0.0;0.0;Esporádicos Recientes
2972;28;37;2805.59;0.36752697293617387;0.03855517021375183;Frecuentes Regulares
2973;581;3;173.33;0.4879132291005596;0.5424912017538799;En Riesgo (Solo Medicamentos)
2975;542;31;1835.1000000000001;0.3140537300419596;0.05100539480137321;Esporádicos / Desertores
2976;64;7;1167.98;0.027620335964656934;0.002602784294251614;Esporádicos Recientes
2977;16;8;704.47;0.50267577043735;0.0070975343165784206;Esporádicos Recientes
2978;387;4;124.19999999999999;0.0;0.0;Esporádicos / Desertores
2979;6;61;5005.5;0.37148137049245833;0.04519228848266907;Leales VIP / Crónicos
2980;14;7;440.78;0.0544489314397205;0.15992104904941243;Esporádicos Recientes
2981;11;17;909.11;0.26815236880025517;0.05861776902685043;Esporádicos Recientes
2982;395;10;792.9;0.6479757850926977;0.2908311262454282;Cazadores de Ofertas
2983;9;38;2891.51;0.4839339998824143;0.1396986349692721;Frecuentes Regulares
2984;47;3;172.92000000000002;0.0;0.0;Esporádicos Recientes
2985;172;3;85.34;0.7902507616592453;0.0;Cazadores de Ofertas
2986;23;8;931.44;0.717577084943743;0.05882289787855363;Cazadores de Ofertas
2987;666;1;139.56;0.0;0.0;Esporádicos / Desertores
2988;7;9;467.75;0.0;0.0;Esporádicos Recientes
2989;6;30;1954.1299999999999;0.238975912554436;0.08716410883615726;Frecuentes Regulares
2990;24;35;2021.54;0.46750991818118864;0.05185650543644944;Frecuentes Regulares
2991;1;71;5991.7;0.24993240649565232;0.061646944940501026;Leales VIP / Crónicos
2992;201;4;421.71;0.0;0.0;Esporádicos Recientes
2994;449;2;120.78999999999999;0.0;0.796754698236609;En Riesgo (Solo Medicamentos)
2995;119;31;2510.09;0.41252305694218133;0.06646773621662969;Frecuentes Regulares
2996;217;3;70.69;0.0;0.0;Esporádicos Recientes
2997;365;6;354.48;0.3023019634394042;0.21682464454976302;Esporádicos / Desertores
2998;48;37;2230.29;0.2436499289330087;0.08280537508575118;Frecuentes Regulares
2999;389;4;275.14;0.0;0.1861961183397543;Esporádicos / Desertores
3000;86;8;547.28;0.3587925741850607;0.04867709399210642;Esporádicos Recientes
3001;158;6;465.51;0.0;0.0;Esporádicos Recientes
3002;163;7;384.27;0.6761391729773336;0.0;Cazadores de Ofertas
3003;34;25;2665.0299999999997;0.5556110062550891;0.026367433012011124;Frecuentes Regulares
3004;594;3;125.82;0.5664441265299635;0.0;Esporádicos / Desertores
3005;603;2;29.950000000000003;0.0;0.0;Esporádicos / Desertores
3006;119;6;109.69;0.8369040021879843;0.1254444343148874;Cazadores de Ofertas
3007;8;96;7261.599999999999;0.1748788145863171;0.05953646579266278;Leales VIP / Crónicos
3008;169;6;537.0699999999999;0.49079263410728596;0.17237976427653753;Esporádicos Recientes
3009;612;3;358.83;1.0;0.0;Cazadores de Ofertas
3010;11;16;1095.28;0.3685358994960193;0.15785004747644438;Frecuentes Regulares
3011;6;7;269.37;0.7082822883023351;0.2431970895051416;Cazadores de Ofertas
3012;5;6;611.3;0.0;0.035023719941109116;Esporádicos Recientes
3013;58;8;708.4100000000001;0.19917844186276307;0.16281531881255204;Esporádicos Recientes
3014;569;3;417.53;0.0;0.14212152420185378;Esporádicos / Desertores
3015;188;7;869.6199999999999;0.1912559508750949;0.0180308640555645;Esporádicos Recientes
3016;125;4;137.27;0.0;0.05704086836162307;Esporádicos Recientes
3017;213;4;202.38;0.5081035675462002;0.0;Cazadores de Ofertas
3018;91;7;153.83;0.610284079828382;0.0;Cazadores de Ofertas
3019;203;5;419.99;0.32443629610228814;0.0;Esporádicos Recientes
3020;89;3;576.04;0.008853551836678008;0.03808763280327755;Esporádicos Recientes
3021;150;6;844.94;0.0;0.0;Esporádicos Recientes
3022;240;3;108.3;1.0;0.14247460757156047;Cazadores de Ofertas
3023;6;38;1940.21;0.46727931512568227;0.07892960040407997;Frecuentes Regulares
3024;165;4;158.34;0.0;0.0;Esporádicos Recientes
3025;154;5;690.1;0.18000289813070572;0.0;Esporádicos Recientes
3026;5;77;5717.38;0.3384364866424831;0.034897103218607124;Leales VIP / Crónicos
3027;177;4;497.48;0.013628688590496098;0.0;Esporádicos Recientes
3028;129;12;2262.49;0.31391519962519177;0.006042015655317814;Frecuentes Regulares
3029;264;10;532.65;0.0;0.06018961794799588;Esporádicos Recientes
3030;39;29;2265.56;0.42528116668726496;0.11586097918395452;Frecuentes Regulares
3031;535;1;72.26;0.0;0.0;Esporádicos / Desertores
3032;566;1;92.7;0.0;0.0;Esporádicos / Desertores
3033;40;4;29.92;0.35060160427807485;0.07486631016042782;Esporádicos Recientes
3034;50;32;1432.59;0.35474909080755834;0.12115120166970314;Frecuentes Regulares
3035;12;26;2220.4700000000003;0.17031979716006068;0.06350457335609126;Frecuentes Regulares
3037;355;6;652.01;0.28251100443244737;0.01595067560313492;Esporádicos / Desertores
3038;32;3;72.91;1.0;0.08544781237141683;Cazadores de Ofertas
3039;660;2;212.14;0.0;0.0;Esporádicos / Desertores
3040;386;4;110.69;0.0;0.587225584967025;En Riesgo (Solo Medicamentos)
3041;434;3;356.29;1.0;0.10325858149260435;Cazadores de Ofertas
3042;153;8;340.46;0.0;0.0;Esporádicos Recientes
3043;50;21;1485.73;0.4477260336669516;0.23790998364440374;Frecuentes Regulares
3044;458;4;232.44;0.13723971777663052;0.0;Esporádicos / Desertores
3045;44;7;724.75;0.6298861676440153;0.028395998620213865;Cazadores de Ofertas
3046;109;92;5676.58;0.3674606893587336;0.10453301107356894;Leales VIP / Crónicos
3047;19;6;344.67;0.0;0.02915832535468709;Esporádicos Recientes
3048;37;34;2005.34;0.38993886323516214;0.05988510676493762;Frecuentes Regulares
3049;628;1;88.9;1.0;1.0;En Riesgo (Solo Medicamentos)
3050;211;9;932.4300000000001;0.0;0.08201151829091727;Esporádicos Recientes
3051;645;9;944.25;0.14344718030182682;0.08467037331215249;Esporádicos / Desertores
3052;562;6;708.48;0.0;0.0;Esporádicos / Desertores
3053;18;7;309.2;0.0;0.21672056921086674;Esporádicos Recientes
3054;544;2;62.230000000000004;0.6345813916117629;0.0;Cazadores de Ofertas
3055;606;11;732.01;0.2576604144752121;0.10658324339831422;Esporádicos / Desertores
3056;5;32;2317.15;0.15071531838681138;0.06979263319163627;Frecuentes Regulares
3057;38;5;122.91;1.0;0.21568627450980393;Cazadores de Ofertas
3059;318;4;604.1200000000001;0.038336754287227694;0.03318877044295835;Esporádicos / Desertores
3060;7;77;5216.49;0.43411949414261314;0.10048135815462121;Leales VIP / Crónicos
3062;303;7;370.12;0.489246730790014;0.2501621095860802;Cazadores de Ofertas
3063;121;4;158.95;0.7137464611513055;0.0;Cazadores de Ofertas
3064;653;5;278.1;0.0;0.0;Esporádicos / Desertores
3065;375;2;152.78;1.0;0.17685560937295458;Cazadores de Ofertas
3066;299;8;896.47;0.008533470166319005;0.07694624471538368;Esporádicos Recientes
3067;587;21;1425.17;0.3269715191871847;0.021800907961857182;Esporádicos / Desertores
3068;333;6;422.34000000000003;0.48652744234503004;0.0;Cazadores de Ofertas
3069;513;4;228.87;1.0;0.0;Cazadores de Ofertas
3070;4;100;5738.18;0.3157203155007337;0.049839844689431145;Leales VIP / Crónicos
3071;374;8;419.96999999999997;0.42572088482510656;0.0;Esporádicos / Desertores
3073;28;2;496.56;1.0;0.0;Cazadores de Ofertas
3074;152;4;80.60000000000001;0.06476426799007443;0.06476426799007443;Esporádicos Recientes
3075;622;2;282.49;0.0;0.03936422528231087;Esporádicos / Desertores
3076;540;5;1222.38;0.050025360362571374;0.0;Esporádicos / Desertores
3077;0;30;1578.9;0.19689024004053454;0.18016340490214705;Frecuentes Regulares
3078;144;6;235.73000000000002;0.8691723582064226;0.0;Cazadores de Ofertas
3079;43;5;466.7900000000001;0.6648600012853746;0.0;Cazadores de Ofertas
3080;542;3;473.64;0.0;0.0;Esporádicos / Desertores
3081;331;5;344.01;0.8733176361152293;0.0;Cazadores de Ofertas
3082;398;1;33.34;0.0;0.0;Esporádicos / Desertores
3083;8;19;1220.42;0.14826043493223642;0.11838547385326362;Frecuentes Regulares
3084;10;4;555.9200000000001;0.22866599510720964;0.2933515613757374;Esporádicos Recientes
3085;48;9;520.29;0.5544600126852333;0.0;Esporádicos Recientes
3086;18;37;2464.86;0.3545150637358714;0.10433046907329423;Frecuentes Regulares
3087;14;11;687.8000000000001;0.0;0.056876999127653385;Esporádicos Recientes
3088;171;4;368.4;0.0;0.06631378935939197;Esporádicos Recientes
3089;96;33;2833.05;0.24103704488095867;0.07726302041968902;Frecuentes Regulares
3090;89;2;147.93;0.5844656256337457;0.0;Cazadores de Ofertas
3091;275;3;107.81;0.48001113069288565;0.0;Cazadores de Ofertas
3092;488;95;5838.7;0.33969548015825446;0.048108311781732235;Leales VIP / Crónicos
3093;222;2;132.37;0.0;0.0;Esporádicos Recientes
3094;275;5;541.8199999999999;0.35408438226717365;0.0;Esporádicos Recientes
3095;30;69;4154.31;0.4594361037091599;0.02866661370961724;Leales VIP / Crónicos
3096;665;1;3.23;0.0;1.0;En Riesgo (Solo Medicamentos)
3097;145;2;53.93;0.4518820693491563;0.0;Esporádicos Recientes
3098;109;25;1741.21;0.6591335910085515;0.14483606227853044;Frecuentes Regulares
3099;9;31;1941.56;0.42758400461484586;0.0868785924720328;Frecuentes Regulares
3100;289;4;508.12;0.21526411083995906;0.0;Esporádicos Recientes
3101;434;35;1477.1399999999999;0.564624883220277;0.07165197611600797;Frecuentes Regulares
3102;7;76;5868.22;0.37781814587728474;0.05130857397984397;Leales VIP / Crónicos
3103;6;61;4513.14;0.17802461257572333;0.10034477104632251;Leales VIP / Crónicos
3104;622;3;241.10000000000002;1.0;0.0;Cazadores de Ofertas
3105;288;2;48.66;0.0;0.38409371146732435;Esporádicos Recientes
3106;132;6;415.3;0.8339513604623164;0.006188297616181074;Cazadores de Ofertas
3107;43;1;33.01;1.0;1.0;En Riesgo (Solo Medicamentos)
3108;712;2;182.77;1.0;0.0;Cazadores de Ofertas
3109;7;74;5104.72;0.19923129965992256;0.015076243163190147;Leales VIP / Crónicos
3110;555;6;397.13;0.0;0.0077556467655427695;Esporádicos / Desertores
3111;583;5;509.35;0.015136939236281535;0.052046726219691766;Esporádicos / Desertores
3112;44;4;231.60999999999999;1.0;0.0;Cazadores de Ofertas
3113;588;2;54.800000000000004;0.0;0.0;Esporádicos / Desertores
3114;27;5;340.76000000000005;0.6775443127127596;0.0;Cazadores de Ofertas
3115;373;4;373.28000000000003;1.0;0.0;Cazadores de Ofertas
3116;348;3;167.38;0.4511291671645358;0.14667224280081254;Cazadores de Ofertas
3117;154;27;1645.68;0.4928357882455884;0.036617082300325704;Frecuentes Regulares
3118;196;1;146.58;0.0;0.0;Esporádicos Recientes
3119;99;8;374.56;0.11418731311405383;0.0;Esporádicos Recientes
3120;8;74;5198.86;0.2643214089242642;0.12381752922756144;Leales VIP / Crónicos
3121;596;7;313.37;0.8930657050770655;0.0;Cazadores de Ofertas
3122;175;39;2285.04;0.3451580716311312;0.09507492210202009;Frecuentes Regulares
3123;266;3;212.47;0.3855132489292606;0.04984233068197863;Esporádicos Recientes
3124;425;5;117.66;0.6806051334353221;0.0;Cazadores de Ofertas
3125;121;7;445.96;0.5552291685352947;0.0;Esporádicos Recientes
3126;30;25;2340.6;0.20358027856105274;0.04540288814833804;Frecuentes Regulares
3128;369;6;168.33;0.48541555278322346;0.045802887185884864;Cazadores de Ofertas
3129;59;33;2399.17;0.2986366118282573;0.031064909948023692;Frecuentes Regulares
3130;10;10;495.85999999999996;0.0;0.07274230629613197;Esporádicos Recientes
3131;89;13;1215.49;0.15953236966161796;0.08303647088828374;Esporádicos Recientes
3132;59;27;1767.3600000000001;0.23289539199710302;0.022892902408111534;Frecuentes Regulares
3133;172;32;1824.78;0.3220388211181622;0.029187080086366574;Frecuentes Regulares
3134;630;3;177.19;0.0;0.39968395507647153;Esporádicos / Desertores
3135;5;81;6299.97;0.31670468272071134;0.06988445976726873;Leales VIP / Crónicos
3136;10;39;2515.83;0.47717453087052786;0.10165233739958583;Frecuentes Regulares
3137;503;1;16.97;1.0;1.0;En Riesgo (Solo Medicamentos)
3138;346;5;277.48;1.0;0.0;Cazadores de Ofertas
3139;407;5;317.63;0.0;0.01674904763403961;Esporádicos / Desertores
3140;4;24;1459.3;0.37015692455286786;0.060426231754951;Frecuentes Regulares
3141;31;18;1615.27;0.19133643291833563;0.028911575154618115;Frecuentes Regulares
3143;159;3;355.76;0.0;0.12410051720260849;Esporádicos Recientes
3144;479;1;10.42;0.0;0.0;Esporádicos / Desertores
3145;359;5;383.72;0.1970447201084124;0.12787970395079745;Esporádicos / Desertores
3146;164;6;448.59000000000003;0.019527853942352704;0.37564368354176414;Esporádicos Recientes
3147;357;31;3196.4900000000002;0.33507691248838567;0.007849234629233941;Frecuentes Regulares
3148;141;2;203.89999999999998;0.0;0.0;Esporádicos Recientes
3149;49;4;731.72;0.0489531514787077;0.0;Esporádicos Recientes
3150;417;2;58.59;0.0;0.0;Esporádicos / Desertores
3151;593;1;26.31;1.0;0.0;Cazadores de Ofertas
3152;404;5;160.14000000000001;0.9197577120019983;0.0;Cazadores de Ofertas
3155;13;7;258.53;0.0;0.11290759292925386;Esporádicos Recientes
3156;527;23;1826.44;0.014021812925691508;0.07854624296445545;Esporádicos / Desertores
3157;416;2;250.71;0.0;0.0;Esporádicos / Desertores
3158;309;7;987.13;0.08942084629177516;0.07180411901168032;Esporádicos / Desertores
3159;2;6;447.72;0.08563387831680515;0.0;Esporádicos Recientes
3160;359;3;193.65;0.0;0.42013942680092947;En Riesgo (Solo Medicamentos)
3161;3;53;3425.06;0.4446345465480897;0.07961320385628282;Frecuentes Regulares
3162;347;2;168.75;0.0;0.0;Esporádicos / Desertores
3163;2;5;324.11;0.5481780876862794;0.23782049304248556;Esporádicos Recientes
3164;17;31;2026.21;0.248310885841053;0.05554705583330454;Frecuentes Regulares
3166;8;18;1548.82;0.19592980462545684;0.03143683578466187;Frecuentes Regulares
3167;105;3;598.5;0.24745196324143692;0.24745196324143692;Esporádicos Recientes
3168;40;7;549.76;0.7651702561117579;0.10993888242142025;Cazadores de Ofertas
3169;503;2;164.74;0.3543765934199345;0.0;Esporádicos / Desertores
3171;639;4;350.52;0.0;0.0;Esporádicos / Desertores
3172;572;2;30.439999999999998;0.0;0.0;Esporádicos / Desertores
3173;36;32;2780.89;0.2297286120630446;0.045176184602771056;Frecuentes Regulares
3174;9;1;49.94;0.0;0.0;Esporádicos Recientes
3175;87;5;343.8;1.0;0.4183246073298429;Cazadores de Ofertas
3176;419;1;23.32;0.0;1.0;En Riesgo (Solo Medicamentos)
3177;42;5;161.76;0.20981701285855592;0.1685830860534125;Esporádicos Recientes
3178;175;5;1385.98;0.0;0.0;Esporádicos Recientes
3179;155;2;74.03;0.16966094826421724;0.8303390517357827;En Riesgo (Solo Medicamentos)
3180;291;2;279.28;0.0;0.6002578057863076;En Riesgo (Solo Medicamentos)
3181;6;76;5048.28;0.3461119430776423;0.06653553289437195;Leales VIP / Crónicos
3182;667;2;304.83;1.0;0.0;Cazadores de Ofertas
3183;585;4;1192.73;0.7607756994458093;0.0;Cazadores de Ofertas
3184;518;5;879.09;0.0;0.0;Esporádicos / Desertores
3185;127;3;279.05;0.9175058233291523;0.0;Cazadores de Ofertas
3186;449;7;177.01000000000002;0.0;0.0;Esporádicos / Desertores
3187;169;8;834.55;0.0;0.13397639446408244;Esporádicos Recientes
3188;90;7;338.09;0.10716081516755893;0.42186991629447784;En Riesgo (Solo Medicamentos)
3189;21;18;958.11;0.44530377514064146;0.1700431056976756;Frecuentes Regulares
3190;25;4;113.15;0.25594343791427304;0.0;Esporádicos Recientes
3191;161;4;363.76;0.0;0.32702881020453045;Esporádicos Recientes
3192;562;1;207.0;0.0;0.0;Esporádicos / Desertores
3193;27;5;476.96999999999997;0.6451768455039101;0.0;Cazadores de Ofertas
3194;222;4;603.79;0.8994683582040113;0.05626128289637126;Cazadores de Ofertas
3195;163;5;442.38;0.10895610108956102;0.0;Esporádicos Recientes
3196;473;8;218.9;0.3743718592964824;0.04842393787117405;Esporádicos / Desertores
3197;330;77;4467.08;0.5146292432640561;0.11097853631455;Leales VIP / Crónicos
3198;17;3;327.16;0.7347475241472062;0.23410563638586618;Cazadores de Ofertas
3199;297;4;103.91;0.07179289769993265;0.0;Esporádicos Recientes
3200;43;1;40.46;0.0;0.0;Esporádicos Recientes
3202;9;4;318.07;0.0;0.07042474926902882;Esporádicos Recientes
3203;6;15;1233.96;0.24999189600959512;0.003500923854906156;Esporádicos Recientes
3204;29;5;517.75;0.013944954128440368;0.013944954128440368;Esporádicos Recientes
3205;519;2;50.74;1.0;0.0;Cazadores de Ofertas
3206;584;1;69.31;1.0;0.0;Cazadores de Ofertas
3207;17;4;306.46000000000004;0.04956601187756966;0.0;Esporádicos Recientes
3209;144;6;405.71000000000004;0.5194597126025978;0.0;Esporádicos Recientes
3210;642;3;84.28;0.3313953488372093;0.0;Esporádicos / Desertores
3211;36;30;3452.48;0.4377461998331634;0.09565877282417276;Frecuentes Regulares
3212;16;5;118.95;0.0;0.3147540983606557;Esporádicos Recientes
3214;12;4;366.84000000000003;0.04947661105659142;0.020199542034674518;Esporádicos Recientes
3215;239;4;406.49;0.7002386282565376;0.0;Cazadores de Ofertas
3216;24;27;2349.5099999999998;0.396627381879626;0.026030959646905105;Frecuentes Regulares
3217;4;16;831.37;0.2049989775912049;0.10397296029445373;Esporádicos Recientes
3218;306;19;1474.22;0.40140548900435485;0.0757078319382453;Frecuentes Regulares
3219;233;2;110.94;1.0;0.0;Cazadores de Ofertas
3220;693;3;368.5;0.0;0.16170963364993216;Esporádicos / Desertores
3221;190;9;228.37;0.655996847221614;0.09313832815168367;Cazadores de Ofertas
3222;85;3;80.6;0.0;0.31290322580645163;Esporádicos Recientes
3223;246;7;505.0;0.07724752475247526;0.05251485148514851;Esporádicos Recientes
3224;26;23;1797.47;0.12993262752646775;0.05448213322058226;Frecuentes Regulares
3225;136;4;242.35999999999999;0.11858392474005612;0.0;Esporádicos Recientes
3226;339;2;89.65;1.0;0.0;Cazadores de Ofertas
3228;296;2;56.519999999999996;1.0;0.0;Cazadores de Ofertas
3229;113;3;336.31;0.8814189289643484;0.0;Cazadores de Ofertas
3230;64;32;2743.47;0.03299471107757694;0.087757475022508;Frecuentes Regulares
3231;62;3;244.93;0.0;0.12403543869677051;Esporádicos Recientes
3232;1;32;2635.68;0.6558573119650337;0.026922843440781885;Frecuentes Regulares
3233;357;2;481.93;1.0;0.0;Cazadores de Ofertas
3235;103;6;602.5699999999999;0.019234279834708004;0.13417528253978794;Esporádicos Recientes
3236;410;6;260.58000000000004;0.35555299716018113;0.0;Esporádicos / Desertores
3237;688;1;50.2;0.0;0.0;Esporádicos / Desertores
3238;255;7;249.82;0.9692978944840286;0.09338723881194459;Cazadores de Ofertas
3239;29;6;430.76;0.7576840932305692;0.058942334478595974;Cazadores de Ofertas
3240;0;88;5783.92;0.23717305910178563;0.05460137761241511;Leales VIP / Crónicos
3241;458;4;840.0999999999999;0.9944887513391263;0.0;Cazadores de Ofertas
3242;141;8;440.75;0.012955190017016449;0.19185479296653432;Esporádicos Recientes
3243;127;1;53.66;0.0;0.0;Esporádicos Recientes
3244;515;7;410.74;0.5686322247650581;0.026975702390806836;Esporádicos / Desertores
3245;7;19;2041.13;0.42585234649434384;0.06610064033158103;Frecuentes Regulares
3247;578;96;6011.31;0.4253764986334094;0.14370079067624195;Leales VIP / Crónicos
3248;490;2;45.21;0.0;0.696748506967485;En Riesgo (Solo Medicamentos)
3249;82;5;295.53;0.9661286502216357;0.0;Cazadores de Ofertas
3250;3;8;715.75;0.0;0.035459308417743626;Esporádicos Recientes
3251;324;7;1489.5600000000002;0.6236472515373667;0.006753672225355138;Cazadores de Ofertas
3252;381;22;1401.84;0.44191919191919193;0.10681675512183988;Esporádicos / Desertores
3253;44;3;99.31;0.6483737790756218;0.0;Cazadores de Ofertas
3254;221;2;54.019999999999996;0.0;0.0;Esporádicos Recientes
3255;18;9;668.22;0.07449642333363264;0.03527281434258178;Esporádicos Recientes
3256;141;4;247.49;0.5880237585356984;0.0;Cazadores de Ofertas
3257;5;2;154.16;0.0;0.0;Esporádicos Recientes
3258;382;2;111.97999999999999;0.0;0.0;Esporádicos / Desertores
3259;601;1;76.03;1.0;0.0;Cazadores de Ofertas
3260;239;8;708.07;0.3076249523352211;0.012018585733048993;Esporádicos Recientes
3262;529;1;14.57;1.0;0.0;Cazadores de Ofertas
3263;184;17;1177.72;0.5820568556193323;0.0515912101348368;Frecuentes Regulares
3264;300;6;767.78;0.463166532079502;0.0;Cazadores de Ofertas
3265;59;6;98.65;0.5838824125696908;0.34789660415610746;Esporádicos Recientes
3266;263;3;125.17;0.42733881920588;0.28441319805065113;Esporádicos Recientes
3267;53;18;1190.08;0.8118445818768486;0.06602917450927669;Cazadores de Ofertas
3268;157;6;611.3100000000001;0.4480214621059691;0.028512538646513222;Esporádicos Recientes
3269;551;23;1053.57;0.08737910153098513;0.08565164156154789;Esporádicos / Desertores
3270;173;10;665.3299999999999;0.35860400102204926;0.09060165632092346;Esporádicos Recientes
3271;527;1;65.03;1.0;0.0;Cazadores de Ofertas
3272;289;17;1175.24;0.5528572887240053;0.06180865184983493;Cazadores de Ofertas
3273;166;6;390.54;0.27966405489834584;0.09410047626363496;Esporádicos Recientes
3274;3;58;4742.17;0.34077647996592275;0.06134111598698486;Leales VIP / Crónicos
3275;118;5;479.76;0.6295439386359846;0.034246289811572454;Cazadores de Ofertas
3276;479;5;195.04999999999998;1.0;0.0;Cazadores de Ofertas
3277;11;42;2585.77;0.14493555111243459;0.09758795252477985;Frecuentes Regulares
3278;605;1;19.22;1.0;1.0;En Riesgo (Solo Medicamentos)
3279;206;6;219.88;0.3588775695834091;0.11010551209750774;Esporádicos Recientes
3280;417;7;462.27000000000004;0.5558872520388518;0.0;Cazadores de Ofertas
3281;29;4;207.7;0.6453538757823785;0.0327395281656235;Cazadores de Ofertas
3282;388;2;69.29;1.0;0.0;Cazadores de Ofertas
3283;527;4;270.51;0.14968023363276775;0.07508040368193412;Esporádicos / Desertores
3284;83;26;1479.5400000000002;0.6441731889641374;0.09763845519553373;Frecuentes Regulares
3285;7;22;1140.46;0.25943040527506445;0.29204005401329286;Frecuentes Regulares
3286;522;2;418.29;1.0;0.07262903727079298;Cazadores de Ofertas
3287;5;92;6409.98;0.25013182568432357;0.10001279255161483;Leales VIP / Crónicos
3289;12;28;3126.9;0.08548402571236688;0.05035338514183376;Frecuentes Regulares
3290;124;3;73.41;0.7099850156654408;0.5270399128184172;En Riesgo (Solo Medicamentos)
3291;0;53;3573.48;0.3615047516706404;0.06992343597837403;Frecuentes Regulares
3292;78;20;1059.9099999999999;0.16084384523214237;0.12827504222056593;Esporádicos Recientes
3293;14;19;1300.41;0.4369083596711807;0.06703270506993948;Frecuentes Regulares
3294;421;4;119.98;0.047757959659943325;0.047757959659943325;Esporádicos / Desertores
3295;120;31;2054.24;0.43599092608458606;0.023429589531895008;Frecuentes Regulares
3296;79;8;300.41;0.16134616024766152;0.04540461369461735;Esporádicos Recientes
3297;381;5;280.89000000000004;0.422727758197159;0.13891558973263554;Esporádicos / Desertores
3298;385;3;46.71;0.3643759366302719;0.06829372725326482;Esporádicos / Desertores
3299;203;7;252.67;0.7046345035025923;0.10761071753670796;Cazadores de Ofertas
3300;152;2;107.67;0.0;0.0;Esporádicos Recientes
3302;26;27;2626.49;0.20414697942881946;0.07911318908505269;Frecuentes Regulares
3303;20;39;3472.5899999999997;0.3208584946682448;0.046892953098407825;Frecuentes Regulares
3304;372;10;488.46999999999997;0.8742195017094192;0.22834565070526336;Cazadores de Ofertas
3305;91;2;50.42;1.0;0.0;Cazadores de Ofertas
3306;604;4;686.81;0.0;0.0;Esporádicos / Desertores
3307;152;8;245.53;0.12124791267869509;0.0;Esporádicos Recientes
3308;227;7;1008.88;1.0;0.025116961382919675;Cazadores de Ofertas
3309;210;14;1989.35;0.3088747580868123;0.043355870007791494;Frecuentes Regulares
3310;167;7;470.73;0.3107301425445584;0.0;Esporádicos Recientes
3311;505;5;996.5600000000001;0.10750983382836957;0.0;Esporádicos / Desertores
3312;187;6;716.04;1.0;0.0;Cazadores de Ofertas
3313;17;4;393.19;0.5268190950939748;0.10213891502835779;Esporádicos Recientes
3314;535;20;2144.29;0.3836561286020081;0.0673229833651232;Esporádicos / Desertores
3315;3;13;797.7099999999999;0.33187499216507255;0.0;Esporádicos Recientes
3316;509;3;615.9599999999999;1.0;0.0;Cazadores de Ofertas
3317;236;2;52.05;0.4320845341018252;0.4320845341018252;En Riesgo (Solo Medicamentos)
3319;102;12;1578.6799999999998;0.09442698963691186;0.0598221298806598;Esporádicos Recientes
3320;46;3;68.17;0.29690479683145077;0.0;Esporádicos Recientes
3321;156;6;287.3;0.3093978419770275;0.057466063348416294;Esporádicos Recientes
3322;9;90;6304.1;0.4320013959169429;0.07342523119874367;Leales VIP / Crónicos
3323;101;4;204.32;0.0;0.0;Esporádicos Recientes
3324;40;23;991.48;0.4894904587081938;0.09723847177956187;Frecuentes Regulares
3325;167;2;192.1;0.0;0.0;Esporádicos Recientes
3326;56;3;298.99;0.0;0.0;Esporádicos Recientes
3327;98;29;1858.58;0.42482432825059996;0.0814869416436204;Frecuentes Regulares
3328;25;6;211.35999999999999;1.0;0.24753974261922787;Cazadores de Ofertas
3329;475;9;864.08;0.021109156559577815;0.021109156559577815;Esporádicos / Desertores
3330;495;19;1586.54;0.23509019627617334;0.11497976729234688;Esporádicos / Desertores
3331;275;4;186.46;0.5824305481068326;0.0;Cazadores de Ofertas
3332;464;6;228.97;1.0;0.048434292702100715;Cazadores de Ofertas
3333;154;4;39.79;0.5310379492334757;0.216637346066851;Esporádicos Recientes
3334;13;28;2298.68;0.36908138583882927;0.03077418344441158;Frecuentes Regulares
3335;695;3;99.22999999999999;0.0;0.7825254459336896;En Riesgo (Solo Medicamentos)
3336;446;3;272.21;0.0;0.0;Esporádicos / Desertores
3337;77;7;490.9;0.1789977592177633;0.0;Esporádicos Recientes
3338;522;1;22.12;1.0;0.0;Cazadores de Ofertas
3339;657;3;247.05;0.0;0.0;Esporádicos / Desertores
3340;162;61;4133.26;0.32266056333257526;0.03196508325147704;Leales VIP / Crónicos
3341;525;6;283.77;0.3889417485992177;0.23004545935088277;Esporádicos / Desertores
3342;4;2;182.8;0.9592997811816193;0.04070021881838074;Cazadores de Ofertas
3343;658;1;33.79;0.0;0.0;Esporádicos / Desertores
3344;578;2;87.22999999999999;1.0;0.0;Cazadores de Ofertas
3345;2;72;4445.41;0.3720286767699717;0.08577836465027973;Leales VIP / Crónicos
3346;63;7;535.4100000000001;0.8168879923796716;0.08182514334808837;Cazadores de Ofertas
3347;231;30;3549.73;0.6629546472548616;0.0395072301273618;Frecuentes Regulares
3348;31;4;529.77;0.08915189610585726;0.12782905789304794;Esporádicos Recientes
3349;55;31;1736.68;0.1858718934979386;0.11012391459566528;Frecuentes Regulares
3350;37;22;1419.74;0.349113217913139;0.15735275472973928;Frecuentes Regulares
3351;133;3;875.09;0.0;0.0;Esporádicos Recientes
3352;663;30;1956.7200000000003;0.5472218815160063;0.08347642994398789;Esporádicos / Desertores
3353;88;4;243.25;0.024665981500513873;0.0;Esporádicos Recientes
3354;410;1;173.26;1.0;0.0;Cazadores de Ofertas
3355;539;2;188.63;0.0;0.0;Esporádicos / Desertores
3356;535;2;152.27;0.5837656793853024;0.0;Cazadores de Ofertas
3357;682;1;21.5;0.0;0.0;Esporádicos / Desertores
3358;112;6;540.08;1.0;0.00509183824618575;Cazadores de Ofertas
3359;198;3;185.49;0.0;0.4731252358617715;En Riesgo (Solo Medicamentos)
3361;366;5;472.25;0.5475701429327686;0.12334568554790895;Cazadores de Ofertas
3362;536;1;25.07;0.0;0.0;Esporádicos / Desertores
3363;412;15;740.6899999999999;0.2890683011786308;0.19010652229677735;Esporádicos / Desertores
3364;11;31;1880.63;0.20681367414111226;0.1809606355317101;Frecuentes Regulares
3365;486;3;84.44999999999999;0.0;0.0;Esporádicos / Desertores
3366;33;28;1270.44;0.54152104782595;0.25629703094990713;Frecuentes Regulares
3367;210;10;1385.44;0.4302965122993418;0.009996824113638988;Esporádicos Recientes
3368;630;7;450.88;0.2777679205110007;0.0;Esporádicos / Desertores
3369;2;35;3333.4;0.3535009299814004;0.06667366652666946;Frecuentes Regulares
3370;2;98;6842.24;0.3349429426620522;0.07497836965672061;Leales VIP / Crónicos
3371;150;3;343.82000000000005;0.2155779186783782;0.0;Esporádicos Recientes
3372;4;26;1822.59;0.4331967145655359;0.0;Frecuentes Regulares
3373;79;21;1414.24;0.8396594637402421;0.049447052834031;Cazadores de Ofertas
3375;400;4;369.67;1.0;0.0;Cazadores de Ofertas
3376;238;9;1287.39;0.12436013950706469;0.06162856632411313;Esporádicos Recientes
3377;169;2;367.15999999999997;0.0;0.0;Esporádicos Recientes
3378;100;7;343.90000000000003;0.7507705728409421;0.0;Cazadores de Ofertas
3379;240;6;187.46;0.1703296703296703;0.0;Esporádicos Recientes
3380;149;9;854.01;0.6897460217093476;0.20787812789077412;Cazadores de Ofertas
3381;7;7;720.49;0.43419062027231464;0.0317284070563089;Esporádicos Recientes
3382;540;1;9.78;1.0;0.0;Cazadores de Ofertas
3383;24;7;262.47;0.43018249704728156;0.0;Esporádicos Recientes
3384;14;43;3635.62;0.27267701244904585;0.045675840709425077;Frecuentes Regulares
3386;143;2;62.25;0.5889156626506024;0.0;Cazadores de Ofertas
3387;202;5;310.96;0.7129855930023153;0.0;Cazadores de Ofertas
3388;106;8;296.66999999999996;0.6536555769036303;0.0;Cazadores de Ofertas
3389;20;4;354.0;0.0;0.0;Esporádicos Recientes
3390;12;9;420.27;0.0;0.055369167439979064;Esporádicos Recientes
3391;85;5;320.14;1.0;0.0;Cazadores de Ofertas
3392;193;3;237.29;0.9667916894938683;0.0;Cazadores de Ofertas
3393;348;2;85.84;0.0;0.4847390493942218;En Riesgo (Solo Medicamentos)
3394;25;5;247.17;0.7860986365659264;0.339766152850265;Cazadores de Ofertas
3395;43;1;17.580000000000002;1.0;0.0;Cazadores de Ofertas
3396;32;6;221.26;0.7182952182952184;0.2817047817047817;Cazadores de Ofertas
3397;2;19;1299.79;0.42248363197131844;0.054970418298340505;Frecuentes Regulares
3398;168;2;183.57999999999998;0.859679703671424;0.0;Cazadores de Ofertas
3399;46;35;2435.79;0.3376851042167018;0.10487767828917928;Frecuentes Regulares
3400;201;4;218.51;0.12017756624410783;0.0;Esporádicos Recientes
3401;338;4;587.13;0.5986749101561835;0.04406179210736975;Cazadores de Ofertas
3402;4;19;2337.85;0.22041619436661888;0.07117650833030349;Frecuentes Regulares
3403;151;2;166.22;0.0;0.0;Esporádicos Recientes
3404;383;28;1864.5900000000001;0.5286470484127878;0.06209407966362578;Frecuentes Regulares
3405;25;36;2100.62;0.3705620245451343;0.10698270034561225;Frecuentes Regulares
3406;62;23;1733.99;0.2501859872317603;0.08293588775021771;Frecuentes Regulares
3407;524;1;20.34;0.0;0.0;Esporádicos / Desertores
3408;563;1;487.98;0.0;0.0;Esporádicos / Desertores
3409;10;8;856.35;0.0;0.03165761662871489;Esporádicos Recientes
3410;327;4;176.37;0.5885354652151726;0.0;Cazadores de Ofertas
3411;415;5;141.81;0.0;0.0;Esporádicos / Desertores
3412;324;3;102.38000000000001;0.07423324868138308;0.6868529009572182;En Riesgo (Solo Medicamentos)
3413;546;4;198.11;0.0;0.32608146989046494;Esporádicos / Desertores
3414;7;7;800.87;0.4358385256034063;0.04066827325283754;Esporádicos Recientes
3415;588;2;180.52;0.12873919787281185;0.0;Esporádicos / Desertores
3416;633;3;238.66;1.0;0.13303444230285763;Cazadores de Ofertas
3417;299;26;1025.94;0.7090960485018617;0.03894964617813907;Cazadores de Ofertas
3418;517;9;676.69;0.19595383410424272;0.0;Esporádicos / Desertores
3420;49;9;275.79;0.7097791798107255;0.021465607890061276;Cazadores de Ofertas
3421;48;29;3453.69;0.5547052572755516;0.052448251001103174;Frecuentes Regulares
3422;505;6;600.17;0.0;0.22658580068980458;Esporádicos / Desertores
3423;84;3;67.94;0.14998528113040918;0.29820429790992053;Esporádicos Recientes
3424;150;10;862.05;0.0;0.1579258743692361;Esporádicos Recientes
3425;100;2;89.82000000000001;1.0;0.0;Cazadores de Ofertas
3426;394;9;544.4;0.07880235121234389;0.06787288758265982;Esporádicos / Desertores
3427;52;6;248.92;0.08713642937489957;0.0;Esporádicos Recientes
3428;350;5;284.13;0.4062928940977722;0.07239643825009678;Esporádicos / Desertores
3429;255;8;565.56;0.19053681307023126;0.10120942075111394;Esporádicos Recientes
3430;74;26;2370.5;0.1264416789706813;0.0;Frecuentes Regulares
3431;539;2;42.58;0.0;0.3076561766087365;Esporádicos / Desertores
3432;3;20;1585.95;0.15936189665500172;0.05877234465147073;Frecuentes Regulares
3433;8;16;936.28;0.11900286239159226;0.035384713974452094;Esporádicos Recientes
3434;129;2;93.27;1.0;0.0;Cazadores de Ofertas
3435;8;27;1872.2;0.23159918812092722;0.04494712103407756;Frecuentes Regulares
3436;154;1;17.14;0.0;0.0;Esporádicos Recientes
3437;497;3;294.22;0.0;0.0;Esporádicos / Desertores
3438;19;29;1999.15;0.2962559087612235;0.0431183252882475;Frecuentes Regulares
3439;419;2;270.46;0.8879316719662798;0.0;Cazadores de Ofertas
3440;563;4;231.92000000000002;0.6037426698861676;0.0;Cazadores de Ofertas
3441;48;6;394.68;0.08092632005675485;0.07367994324516063;Esporádicos Recientes
3442;563;1;24.27;0.0;0.0;Esporádicos / Desertores
3443;554;33;2519.04;0.5049225101626016;0.08298796366869919;Esporádicos / Desertores
3444;149;5;182.16;0.0;0.1524483970136144;Esporádicos Recientes
3445;7;3;54.629999999999995;0.0;0.099945085118067;Esporádicos Recientes
3446;283;1;28.26;0.0;0.0;Esporádicos Recientes
3447;535;2;128.89;0.9818449840949648;0.0;Cazadores de Ofertas
3448;80;7;495.75;0.646636409480585;0.0692687846696924;Cazadores de Ofertas
3449;2;79;4867.31;0.31039321514347756;0.0706673706831905;Leales VIP / Crónicos
3450;8;20;2060.44;0.4024091941527052;0.07270777115567549;Frecuentes Regulares
3451;377;3;345.53999999999996;0.0;0.0;Esporádicos / Desertores
3452;236;3;321.81;0.0;0.620583574158665;En Riesgo (Solo Medicamentos)
3453;121;6;419.78000000000003;0.5597217590166277;0.10248225260850923;Esporádicos Recientes
3454;57;5;265.48;0.517892119933705;0.18118125659183365;Esporádicos Recientes
3455;253;1;40.61;0.0;0.0;Esporádicos Recientes
3456;1;88;7914.570000000001;0.2851108777861589;0.028638321475456023;Leales VIP / Crónicos
3457;209;5;162.09;0.41822444321056207;0.0;Esporádicos Recientes
3458;617;3;49.03;1.0;0.05466041199265756;Cazadores de Ofertas
3459;11;15;1961.6299999999999;0.17330485361663517;0.007386714110204268;Frecuentes Regulares
3460;60;4;119.88;0.9332665999332665;0.0697364030697364;Cazadores de Ofertas
3461;35;3;142.71;1.0;0.22212879265643615;Cazadores de Ofertas
3462;3;30;3251.84;0.030361272387325326;0.05649109427278094;Frecuentes Regulares
3463;321;4;94.51;1.0;0.3411279229711141;Cazadores de Ofertas
3464;166;5;130.63;0.0;0.5148893822246039;En Riesgo (Solo Medicamentos)
3465;558;1;30.34;0.0;0.0;Esporádicos / Desertores
3466;254;5;838.88;0.0;0.05797015067709327;Esporádicos Recientes
3467;172;1;26.27;0.0;0.0;Esporádicos Recientes
3468;7;8;779.0;0.1037612323491656;0.0;Esporádicos Recientes
3469;126;2;256.17;1.0;0.0;Cazadores de Ofertas
3470;606;8;401.18;0.2020290144074979;0.1188493942868538;Esporádicos / Desertores
3471;541;7;487.12;0.3697446214485137;0.09086056823780587;Esporádicos / Desertores
3472;666;2;507.52;0.0;0.0;Esporádicos / Desertores
3473;335;18;711.59;0.17761632400680166;0.1381694515099987;Esporádicos / Desertores
3474;73;8;427.02;0.39562549763477123;0.0;Esporádicos Recientes
3475;1;6;195.49;0.7484270295155763;0.13775640697733899;Cazadores de Ofertas
3476;8;21;1806.44;0.23259560240030114;0.02173335400013286;Frecuentes Regulares
3477;16;31;2194.85;0.5253707542656674;0.06856049388340889;Frecuentes Regulares
3478;99;5;458.37;0.022165499487313743;0.031350219255186856;Esporádicos Recientes
3480;8;14;1691.93;0.28202703421536357;0.005538054174818107;Frecuentes Regulares
3481;152;9;410.0;0.5324634146341464;0.1470731707317073;Esporádicos Recientes
3482;41;22;1343.46;0.6893171363494263;0.05261042383100353;Frecuentes Regulares
3483;45;7;279.83;0.4249365686309545;0.15177071793588964;Esporádicos Recientes
3484;137;19;1633.97;0.28815706530719654;0.014418869379486771;Frecuentes Regulares
3485;317;5;294.15;0.08318884922658508;0.01808601053884073;Esporádicos / Desertores
3486;129;6;904.2;0.5298827692988277;0.0;Esporádicos Recientes
3487;15;7;766.89;0.0;0.006819752506878432;Esporádicos Recientes
3488;10;5;490.06;0.0;0.1650818267150961;Esporádicos Recientes
3489;695;1;16.87;1.0;0.0;Cazadores de Ofertas
3490;592;1;15.13;1.0;0.0;Cazadores de Ofertas
3492;2;25;2047.31;0.22052840068187038;0.04385266520458553;Frecuentes Regulares
3493;12;3;133.89;0.0;0.0;Esporádicos Recientes
3495;505;23;1420.1100000000001;0.37487236904183474;0.16743069198864877;Esporádicos / Desertores
3496;151;7;544.25;0.0;0.07683968764354616;Esporádicos Recientes
3497;507;1;67.01;1.0;0.0;Cazadores de Ofertas
3498;11;3;93.9;0.0;0.4663471778487753;En Riesgo (Solo Medicamentos)
3499;301;6;142.65;0.7134244654749387;0.13662811076060286;Cazadores de Ofertas
3500;75;7;338.01;0.3314694831513861;0.2749622792225082;Esporádicos Recientes
3501;228;5;558.9000000000001;0.0;0.0;Esporádicos Recientes
3502;161;6;192.01999999999998;0.03572544526611812;0.0;Esporádicos Recientes
3503;345;3;160.17;1.0;0.4784291690079291;En Riesgo (Solo Medicamentos)
3504;43;2;229.1;0.0;0.0;Esporádicos Recientes
3505;195;9;1229.02;0.9815706823322649;0.03835576312834616;Cazadores de Ofertas
3506;581;2;13.129999999999999;0.0;0.0;Esporádicos / Desertores
3507;6;33;3211.96;0.22749660643345498;0.13844194821853323;Frecuentes Regulares
3508;232;1;15.46;1.0;1.0;En Riesgo (Solo Medicamentos)
3509;295;5;262.24;0.285006101281269;0.0;Esporádicos Recientes
3510;346;7;420.73;0.5068095928505217;0.14776697644570153;Cazadores de Ofertas
3511;294;2;109.75999999999999;0.8383746355685131;0.16162536443148687;Cazadores de Ofertas
3512;128;5;385.52000000000004;1.0;0.2543058725876738;Cazadores de Ofertas
3514;20;8;363.75;0.0;0.047807560137457045;Esporádicos Recientes
3515;11;13;2003.24;0.0;0.03626125676404225;Frecuentes Regulares
3516;166;5;638.74;0.06736700378870902;0.0;Esporádicos Recientes
3517;41;34;1757.25;0.21726561388533222;0.14608052354531226;Frecuentes Regulares
3519;555;9;972.63;0.0;0.05150982387958422;Esporádicos / Desertores
3520;77;5;515.11;0.4283939352759605;0.0;Esporádicos Recientes
3521;226;2;97.96000000000001;0.0;0.0;Esporádicos Recientes
3522;56;37;2505.57;0.06260850824363318;0.0353891529671891;Frecuentes Regulares
3523;25;5;219.83;0.2365919119319474;0.2620661420188327;Esporádicos Recientes
3524;562;4;436.34999999999997;0.0;0.0;Esporádicos / Desertores
3525;162;2;22.32;0.6384408602150538;0.0;Cazadores de Ofertas
3526;25;20;1293.5;0.21236954000773095;0.1031774255894859;Frecuentes Regulares
3527;24;38;3446.2200000000003;0.22681082461363464;0.02016412184944664;Frecuentes Regulares
3528;343;7;419.85;0.11813743003453614;0.2649279504584971;Esporádicos / Desertores
3529;284;4;130.66;1.0;0.0;Cazadores de Ofertas
3530;124;12;694.8;0.272769142199194;0.0;Esporádicos Recientes
3531;150;20;1071.43;0.4493247342336877;0.08128389162147784;Frecuentes Regulares
3532;3;8;271.57;0.40508892734838164;0.010568177633759253;Esporádicos Recientes
3533;534;5;154.77;0.6759061833688699;0.0;Cazadores de Ofertas
3534;65;4;737.7099999999999;0.09639289151563624;0.07257594447682694;Esporádicos Recientes
3535;24;4;171.85;0.6489962176316555;0.0;Cazadores de Ofertas
3536;387;1;174.93;0.0;0.0;Esporádicos / Desertores
3537;723;3;252.55;1.0;0.0;Cazadores de Ofertas
3538;26;7;362.01;0.8964117013342173;0.10856053700174027;Cazadores de Ofertas
3539;55;5;527.95;0.3270953688796287;0.16912586419168482;Esporádicos Recientes
3540;151;17;1221.37;0.2674619484677043;0.09791463684223455;Esporádicos Recientes
3541;162;2;213.85;0.0;0.0;Esporádicos Recientes
3543;186;2;120.08000000000001;0.0;0.0;Esporádicos Recientes
3544;528;2;85.11000000000001;0.6294207496181412;0.0;Cazadores de Ofertas
3545;95;5;565.26;0.0;0.0;Esporádicos Recientes
3546;368;2;35.620000000000005;1.0;1.0;En Riesgo (Solo Medicamentos)
3547;241;4;431.28000000000003;0.8179836764978669;0.0;Cazadores de Ofertas
3548;194;2;118.18;0.7954814689456761;0.2045185310543239;Cazadores de Ofertas
3549;2;2;230.07;0.0;0.0;Esporádicos Recientes
3550;590;5;716.9;0.0;0.0;Esporádicos / Desertores
3551;1;35;2460.23;0.4454786747580511;0.07391991805644188;Frecuentes Regulares
3552;386;3;114.33;1.0;0.09673751421324238;Cazadores de Ofertas
3553;698;2;120.07;1.0;0.2087948696593654;Cazadores de Ofertas
3554;179;3;47.209999999999994;0.0;0.0;Esporádicos Recientes
3556;253;1;270.57;0.0;0.0;Esporádicos Recientes
3557;5;4;319.63;0.7172668397834997;0.0;Cazadores de Ofertas
3559;0;25;1155.12;0.2814685920077568;0.08744546021192603;Frecuentes Regulares
3560;2;21;1114.14;0.20828621178666953;0.10284165365214426;Frecuentes Regulares
3561;179;7;440.87;0.10526912695352371;0.0;Esporádicos Recientes
3562;49;3;181.51999999999998;0.0;0.0;Esporádicos Recientes
3563;184;8;348.02;0.0;0.0;Esporádicos Recientes
3564;158;7;554.3000000000001;0.7685368933790366;0.07387696193397077;Cazadores de Ofertas
3565;23;6;1031.91;0.0;0.033045517535443984;Esporádicos Recientes
3566;154;4;372.22;0.4352264789640535;0.18126376873891784;Esporádicos Recientes
3567;157;6;613.0;0.5667373572593801;0.0;Cazadores de Ofertas
3568;12;62;4279.69;0.30764611455502616;0.06801660867960065;Leales VIP / Crónicos
3569;46;21;1575.3400000000001;0.08457856716645296;0.06453844884278949;Frecuentes Regulares
3570;101;8;585.8100000000001;0.5280210307096158;0.16350011095747766;Esporádicos Recientes
3572;0;7;604.3100000000001;0.0;0.0;Esporádicos Recientes
3574;2;6;630.5800000000002;0.6612166576802309;0.1504487931745377;Cazadores de Ofertas
3575;323;4;289.18;0.0;0.0;Esporádicos / Desertores
3576;366;1;15.64;0.0;0.0;Esporádicos / Desertores
3577;584;10;1151.3899999999999;0.23263186235767208;0.1453634302886077;Esporádicos / Desertores
3578;293;9;1036.24;0.9041245271365707;0.015343935767775804;Cazadores de Ofertas
3579;612;2;207.67000000000002;1.0;0.0;Cazadores de Ofertas
3580;118;2;335.95;0.5269236493525822;0.0;Esporádicos Recientes
3581;592;1;7.76;0.0;0.0;Esporádicos / Desertores
3582;1;39;2731.66;0.31081100869068623;0.08048219763806623;Frecuentes Regulares
3583;91;13;826.09;0.5315401469573533;0.0;Esporádicos Recientes
3584;136;2;91.69999999999999;1.0;0.0;Cazadores de Ofertas
3585;230;6;333.72;0.03434016540812657;0.044528347117343874;Esporádicos Recientes
3586;44;5;226.68;0.0;0.0;Esporádicos Recientes
3587;0;48;3592.02;0.2178996776187215;0.06772234007605749;Frecuentes Regulares
3588;352;9;676.05;0.13936838991198877;0.0;Esporádicos / Desertores
3589;219;7;184.07999999999998;0.4728922207735768;0.0;Esporádicos Recientes
3590;196;42;2931.76;0.5101952410838541;0.08240783693071739;Frecuentes Regulares
3591;438;4;225.01;0.10123994489133817;0.1261721701257722;Esporádicos / Desertores
3592;73;3;811.6800000000001;0.0;0.009424896510940271;Esporádicos Recientes
3593;536;2;160.85999999999999;0.0;0.0;Esporádicos / Desertores
3594;472;3;119.82;1.0;0.071440494074445;Cazadores de Ofertas
3595;0;71;5785.3;0.30065856567507304;0.03845608697906763;Leales VIP / Crónicos
3596;210;3;129.10999999999999;0.15289288203857176;0.0;Esporádicos Recientes
3597;328;5;360.55;0.4237969768409374;0.0;Esporádicos / Desertores
3598;189;3;270.94;0.0;0.0;Esporádicos Recientes
3600;674;1;124.97;1.0;0.0;Cazadores de Ofertas
3601;12;104;7514.19;0.3109623259459769;0.09206181903837939;Leales VIP / Crónicos
3602;9;42;2578.57;0.37457583078993395;0.07941223236134756;Frecuentes Regulares
3603;2;23;3007.44;0.22593966961934403;0.06039355731120155;Frecuentes Regulares
3604;13;6;196.75;0.5631003811944091;0.0;Esporádicos Recientes
3605;137;4;144.04;0.30387392391002505;0.14523743404609832;Esporádicos Recientes
3606;55;3;179.91;0.9636484909121228;0.0;Cazadores de Ofertas
3607;449;2;170.49;0.3838934834887677;0.0;Esporádicos / Desertores
3609;45;19;818.71;0.3637796044997619;0.013692271988860525;Esporádicos Recientes
3610;5;45;3044.92;0.379182375891649;0.07711861066957423;Frecuentes Regulares
3611;11;30;2550.31;0.4123616344679667;0.08731095435456866;Frecuentes Regulares
3612;46;5;65.99000000000001;1.0;0.43173208061827545;Cazadores de Ofertas
3614;8;93;7005.33;0.2508489964070215;0.09411833561017112;Leales VIP / Crónicos
3615;105;2;108.44000000000001;0.12689044632976762;0.0;Esporádicos Recientes
3616;567;3;346.24;0.0;0.0571568853974122;Esporádicos / Desertores
3617;11;56;4595.47;0.5579842758194482;0.052782413985947026;Leales VIP / Crónicos
3618;646;2;245.08999999999997;1.0;0.2650046921539027;Cazadores de Ofertas
3619;92;20;1290.6;0.5406477607314427;0.0910739191073919;Frecuentes Regulares
3620;14;28;1421.6399999999999;0.003699952167918742;0.024640555977603333;Frecuentes Regulares
3621;559;9;596.22;0.0;0.08426419777934319;Esporádicos / Desertores
3622;11;2;24.29;0.0;0.0;Esporádicos Recientes
3623;86;2;114.41999999999999;0.22810697430519145;0.0;Esporádicos Recientes
3624;146;17;954.39;0.14403964836178082;0.003216714341097455;Esporádicos Recientes
3625;87;7;923.34;0.46372950375809574;0.08272142439404769;Esporádicos Recientes
3626;44;33;2710.03;0.39984059217056633;0.07619472847164054;Frecuentes Regulares
3627;589;3;45.54;1.0;0.09552042160737813;Cazadores de Ofertas
3628;104;8;631.8199999999999;0.6887404640562186;0.28471716628153587;Cazadores de Ofertas
3629;65;1;34.9;0.0;0.0;Esporádicos Recientes
3630;461;7;396.93;0.3183180913511199;0.3942760688282569;En Riesgo (Solo Medicamentos)
3631;179;2;74.61;0.0;0.06393244873341375;Esporádicos Recientes
3632;36;33;3131.57;0.16053928221307523;0.04324348489735181;Frecuentes Regulares
3633;659;6;693.6500000000001;0.0;0.04816550133352554;Esporádicos / Desertores
3634;30;37;1970.54;0.4544947070346199;0.018477168694875513;Frecuentes Regulares
3635;38;1;13.14;1.0;1.0;En Riesgo (Solo Medicamentos)
3636;172;5;137.25;0.8407285974499089;0.30477231329690346;Cazadores de Ofertas
3637;124;6;994.4300000000001;0.5340245165572237;0.06842110555795781;Esporádicos Recientes
3638;10;32;2386.93;0.22285948896699947;0.06933173574424052;Frecuentes Regulares
3639;10;8;681.39;0.0;0.05541613466590352;Esporádicos Recientes
3640;334;37;2343.87;0.65713115488487;0.071386211692628;Frecuentes Regulares
3641;654;1;13.4;0.0;1.0;En Riesgo (Solo Medicamentos)
3642;8;29;2821.13;0.06254585928333682;0.10607806091885166;Frecuentes Regulares
3643;109;10;1150.21;0.05186009511306631;0.03248102520409316;Esporádicos Recientes
3644;344;30;3015.82;0.2467786538984422;0.10179984216564648;Frecuentes Regulares
3646;218;3;81.81;0.0;0.0;Esporádicos Recientes
3648;379;1;66.52000000000001;1.0;0.0;Cazadores de Ofertas
3649;431;20;849.17;0.14408186817716123;0.04401945429066029;Esporádicos / Desertores
3650;724;2;43.16;1.0;0.0;Cazadores de Ofertas
3651;201;3;275.82;0.0;0.05086650714233921;Esporádicos Recientes
3652;291;6;498.59000000000003;0.30427806414087727;0.061894542610160655;Esporádicos Recientes
3653;187;1;18.17;1.0;0.0;Cazadores de Ofertas
3654;239;1;84.42;1.0;0.0;Cazadores de Ofertas
3655;44;2;72.41;0.21543985637342908;0.784560143626571;En Riesgo (Solo Medicamentos)
3656;25;31;2795.85;0.3342167855929324;0.017629701164225547;Frecuentes Regulares
3657;277;87;5412.4800000000005;0.2755631429584959;0.11081611387016671;Leales VIP / Crónicos
3658;214;2;86.75999999999999;0.0;0.0;Esporádicos Recientes
3660;133;8;1119.6399999999999;0.1647404522882355;0.13044371405094496;Esporádicos Recientes
3661;101;5;418.21;0.929533009731953;0.03856913990578896;Cazadores de Ofertas
3662;82;14;820.6700000000001;0.483763266599242;0.012745683405022724;Esporádicos Recientes
3663;29;37;2402.21;0.307350314918346;0.06167237668646788;Frecuentes Regulares
3664;386;2;99.59;0.0;0.05613013354754493;Esporádicos / Desertores
3666;29;24;1379.9;0.4613232842959635;0.19236901224726433;Frecuentes Regulares
3667;43;13;548.3299999999999;0.5217113781846698;0.2218736892017581;Esporádicos Recientes
3668;685;1;20.75;0.0;1.0;En Riesgo (Solo Medicamentos)
3669;457;5;317.78;0.6264396752470263;0.1434955000314683;Cazadores de Ofertas
3670;15;63;5540.27;0.31996094053177915;0.04839836325666438;Leales VIP / Crónicos
3671;587;6;351.19;0.3477319969247416;0.0;Esporádicos / Desertores
3673;662;2;75.45;0.0;0.0;Esporádicos / Desertores
3675;26;3;166.35999999999999;0.19343592209665786;0.0;Esporádicos Recientes
3676;158;7;644.47;0.060716557791673766;0.060716557791673766;Esporádicos Recientes
3677;369;8;429.28;0.006266306373462543;0.0;Esporádicos / Desertores
3678;3;42;2685.0299999999997;0.1223896939698998;0.0682413231881953;Frecuentes Regulares
3679;505;3;328.06999999999994;0.9662876825067821;0.0;Cazadores de Ofertas
3680;218;7;420.02;0.0;0.0;Esporádicos Recientes
3682;28;39;2258.14;0.15957823695607892;0.08567670737863906;Frecuentes Regulares
3683;255;9;1050.7;0.8500999333777481;0.03931664604549348;Cazadores de Ofertas
3684;38;2;112.14;0.8053326199393616;0.0;Cazadores de Ofertas
3685;164;3;110.9;0.11370604147880972;0.0;Esporádicos Recientes
3686;26;33;2354.39;0.4102506381695471;0.048144105267181735;Frecuentes Regulares
3687;1;6;202.38;0.0;0.1988338768653029;Esporádicos Recientes
3688;38;4;579.12;0.0955069761016715;0.2348217985909656;Esporádicos Recientes
3689;11;36;2072.0;0.3536293436293436;0.09085424710424711;Frecuentes Regulares
3690;73;6;330.68;0.05234667956937221;0.0;Esporádicos Recientes
3691;472;9;543.6800000000001;0.9223808122424955;0.049698351971748086;Cazadores de Ofertas
3692;16;3;174.53;0.041883916805133786;0.08840886953532344;Esporádicos Recientes
3694;436;3;99.64999999999999;0.10647265429001505;0.0;Esporádicos / Desertores
3695;463;1;26.14;0.0;0.0;Esporádicos / Desertores
3696;168;4;232.54;0.0;0.25685903500473034;Esporádicos Recientes
3697;663;1;10.54;0.0;1.0;En Riesgo (Solo Medicamentos)
3698;459;3;131.46;0.7762817587098738;0.0;Cazadores de Ofertas
3699;275;4;381.55999999999995;1.0;0.016773246671558866;Cazadores de Ofertas
3700;367;6;154.99;0.0;0.0;Esporádicos / Desertores
3701;237;4;129.73000000000002;0.5198489169814229;0.0;Cazadores de Ofertas
3702;265;8;1347.06;0.8715053523970722;0.03827594910397458;Cazadores de Ofertas
3703;290;7;758.26;0.2536069422097961;0.024002321103579246;Esporádicos Recientes
3704;4;5;189.63000000000002;0.12534936455202236;0.5280809998417971;En Riesgo (Solo Medicamentos)
3705;5;93;6676.27;0.3856464762509605;0.1010084972596974;Leales VIP / Crónicos
3707;152;20;1310.06;0.012503244126223226;0.0341511075828588;Esporádicos Recientes
3709;112;4;170.42;0.17093064194343388;0.017896960450651332;Esporádicos Recientes
3710;83;16;813.95;0.3727378831623564;0.02970698445850482;Esporádicos Recientes
3711;490;5;346.20000000000005;0.0;0.0;Esporádicos / Desertores
3712;553;6;242.61;0.0;0.15555830344998142;Esporádicos / Desertores
3715;57;59;2882.0;0.40561415683553087;0.03640527411519778;Frecuentes Regulares
3716;297;5;413.52;0.3113755078351712;0.0;Esporádicos Recientes
3717;141;7;406.51;0.01490738235221766;0.1270571449656835;Esporádicos Recientes
3718;38;26;1943.28;0.3209470585813676;0.12203593923675435;Frecuentes Regulares
3719;39;34;2432.13;0.11763351465587778;0.0625377755300909;Frecuentes Regulares
3720;175;2;42.879999999999995;0.0;0.0;Esporádicos Recientes
3721;1;17;1503.61;0.2267941820019819;0.009856279221340641;Frecuentes Regulares
3722;297;2;28.990000000000002;0.7195584684373921;0.0;Cazadores de Ofertas
3723;383;2;47.79;1.0;0.0;Cazadores de Ofertas
3724;191;1;77.42;0.0;0.0;Esporádicos Recientes
3725;12;8;320.47;0.5097825069429276;0.0;Esporádicos Recientes
3727;545;1;10.22;0.0;0.0;Esporádicos / Desertores
3728;597;10;501.56;0.015730919531063082;0.0903182071935561;Esporádicos / Desertores
3730;87;3;278.07;0.02999244794476211;0.0;Esporádicos Recientes
3731;38;27;2080.17;0.79694448049919;0.009845349178192167;Frecuentes Regulares
3732;224;2;472.26;0.0;0.0;Esporádicos Recientes
3733;373;4;156.88;0.8727689954105048;0.0933197348291688;Cazadores de Ofertas
3734;213;5;295.68;0.3774012445887445;0.13913690476190477;Esporádicos Recientes
3735;12;9;559.9;0.0;0.0;Esporádicos Recientes
3736;18;28;1854.49;0.628334474707332;0.05449476675528043;Frecuentes Regulares
3738;366;4;393.14;0.18090247748893526;0.0;Esporádicos / Desertores
3739;1;34;2990.14;0.37770472285578605;0.07078598326499763;Frecuentes Regulares
3740;13;5;285.12;0.8105359147025815;0.03784371492704826;Cazadores de Ofertas
3741;210;4;167.88;0.3774124374553252;0.1640457469621158;Esporádicos Recientes
3743;207;3;156.05;0.0;0.1305991669336751;Esporádicos Recientes
3744;351;2;144.36;1.0;0.14740925464117483;Cazadores de Ofertas
3745;394;7;602.44;0.18660779496713364;0.08040634752008498;Esporádicos / Desertores
3746;13;5;318.92;0.0;0.0;Esporádicos Recientes
3747;23;36;3682.41;0.15074910181104223;0.13233724653148346;Frecuentes Regulares
3748;6;5;130.7;0.5921193573068095;0.4060443764345831;Esporádicos Recientes
3749;527;5;445.99;0.0;0.07473261732325837;Esporádicos / Desertores
3750;94;28;1725.53;0.20942550984335248;0.037634813651457814;Frecuentes Regulares
3751;718;2;77.84;0.0;0.0;Esporádicos / Desertores
3752;383;3;246.06;1.0;0.0;Cazadores de Ofertas
3753;268;3;241.11;0.0;0.0;Esporádicos Recientes
3754;7;83;7229.42;0.46009361746862126;0.09155367927164282;Leales VIP / Crónicos
3755;14;2;499.7;0.0;0.09709825895537323;Esporádicos Recientes
3756;60;29;2552.9300000000003;0.3769629406211686;0.06313921650809069;Frecuentes Regulares
3757;327;2;81.47;0.0;0.0;Esporádicos / Desertores
3758;465;2;73.59;0.49232232640304385;0.0;Esporádicos / Desertores
3759;42;2;222.20999999999998;1.0;0.0;Cazadores de Ofertas
3761;620;6;298.96;0.1784854161091785;0.18892159486218893;Esporádicos / Desertores
3762;670;2;156.26;0.0;0.08844233969025983;Esporádicos / Desertores
3763;366;4;117.0;0.16213675213675213;0.04726495726495727;Esporádicos / Desertores
3764;373;4;498.31;0.0;0.28694989063033055;Esporádicos / Desertores
3765;2;4;430.84000000000003;0.22101011976603846;0.09014947544332003;Esporádicos Recientes
3766;207;9;583.47;0.38317308516290466;0.11301352254614633;Esporádicos Recientes
3767;356;8;396.7;0.009200907486765818;0.4927653138391732;En Riesgo (Solo Medicamentos)
3768;87;6;559.51;0.0;0.11034655323407982;Esporádicos Recientes
3769;206;13;1551.24;0.1975967613006369;0.09323508934787654;Esporádicos Recientes
3770;563;3;656.57;0.0;0.13022221545303622;Esporádicos / Desertores
3771;516;1;41.74;0.0;0.0;Esporádicos / Desertores
3772;466;98;7533.17;0.3195958673440265;0.07087189058523835;Leales VIP / Crónicos
3773;24;26;1828.1100000000001;0.5668696085027706;0.056178238727428866;Frecuentes Regulares
3774;52;8;574.37;0.0;0.05971760363528735;Esporádicos Recientes
3775;391;3;137.68;1.0;0.0;Cazadores de Ofertas
3776;326;1;220.76;0.0;0.0;Esporádicos / Desertores
3777;70;37;3125.6;0.7080624520092142;0.03359355003839263;Frecuentes Regulares
3778;158;6;286.55;0.010294887454196475;0.010294887454196475;Esporádicos Recientes
3779;229;7;749.53;0.4253598921991115;0.0;Esporádicos Recientes
3780;16;31;2960.39;0.2645563591283581;0.052212715216576194;Frecuentes Regulares
3781;157;2;230.19;0.0;0.0;Esporádicos Recientes
3782;567;5;523.37;0.9938093509371955;0.0;Cazadores de Ofertas
3783;705;3;93.68;0.8983774551665242;0.0;Cazadores de Ofertas
3784;193;4;104.85;1.0;0.0;Cazadores de Ofertas
3785;526;4;389.96999999999997;1.0;0.0;Cazadores de Ofertas
3786;31;24;1751.92;0.294887894424403;0.10660874925795696;Frecuentes Regulares
3787;631;8;511.76;0.9728779115210255;0.004611536657808348;Cazadores de Ofertas
3788;56;18;880.72;0.09549005359251522;0.05908801889363248;Esporádicos Recientes
3789;52;5;144.91;0.0;0.034711200055206684;Esporádicos Recientes
3790;240;1;173.87;1.0;0.0;Cazadores de Ofertas
3791;642;4;206.61;0.0;0.0;Esporádicos / Desertores
3792;464;2;156.57999999999998;1.0;0.0;Cazadores de Ofertas
3793;364;14;921.99;0.3426935216217096;0.015303853620972026;Esporádicos / Desertores
3794;720;1;74.72;0.0;0.0;Esporádicos / Desertores
3795;594;5;511.17999999999995;0.3034743143315466;0.09145506475214212;Esporádicos / Desertores
3796;2;23;1601.15;0.09016644286918776;0.07612028854260999;Frecuentes Regulares
3797;549;4;238.28;0.0;0.0;Esporádicos / Desertores
3798;10;7;241.85000000000002;0.0;0.30233615877610087;Esporádicos Recientes
3799;90;3;38.78;1.0;0.0;Cazadores de Ofertas
3800;6;16;731.04;0.31128255635806523;0.048123221711534256;Esporádicos Recientes
3801;377;4;982.3200000000002;0.4566434563075169;0.0;Esporádicos / Desertores
3803;347;4;386.18000000000006;0.6566109068310114;0.0;Cazadores de Ofertas
3804;292;1;11.489999999999998;1.0;0.0;Cazadores de Ofertas
3805;26;2;49.42;1.0;0.0;Cazadores de Ofertas
3806;169;5;1075.93;0.0;0.03858057680332364;Esporádicos Recientes
3807;18;22;2261.89;0.6900645035788655;0.0380036164446547;Frecuentes Regulares
3809;13;21;1574.3600000000001;0.612452044005183;0.05195762087451408;Frecuentes Regulares
3810;0;25;1999.3200000000002;0.48878618730368323;0.07679611067763038;Frecuentes Regulares
3811;53;5;525.43;0.32893059018327847;0.22002930932759837;Esporádicos Recientes
3812;76;21;1359.97;0.25121142378140693;0.16916549629771244;Frecuentes Regulares
3813;230;21;1981.92;0.3484449422781949;0.024158391862436426;Frecuentes Regulares
3814;0;65;5811.33;0.33083992820920516;0.05857867304042275;Leales VIP / Crónicos
3815;153;3;360.32000000000005;0.3606793960923622;0.014875666074600355;Esporádicos Recientes
3816;340;6;408.64;0.8371916601409555;0.0;Cazadores de Ofertas
3817;162;1;20.58;0.0;0.0;Esporádicos Recientes
3818;539;4;153.76999999999998;0.0;0.0;Esporádicos / Desertores
3819;634;9;393.25;0.45383343928798475;0.0898410680228862;Esporádicos / Desertores
3820;155;8;611.87;0.07655220880252342;0.21514373968326603;Esporádicos Recientes
3821;231;5;113.35000000000001;1.0;0.0;Cazadores de Ofertas
3822;449;7;851.36;0.0;0.05036647246758128;Esporádicos / Desertores
3823;503;4;391.06000000000006;0.685904976218483;0.0;Cazadores de Ofertas
3824;452;2;87.34;1.0;0.5328600870162583;En Riesgo (Solo Medicamentos)
3825;489;5;140.57;0.11126129330582629;0.0;Esporádicos / Desertores
3826;115;19;1530.21;0.32877186791355434;0.02842747073931029;Frecuentes Regulares
3828;423;2;223.70000000000005;1.0;0.0672329012069736;Cazadores de Ofertas
3829;26;2;42.989999999999995;0.0;0.0;Esporádicos Recientes
3830;400;3;122.01;0.09335300385214326;0.0;Esporádicos / Desertores
3831;50;5;268.5;0.007597765363128492;0.07891992551210428;Esporádicos Recientes
3832;285;16;938.53;0.39626863286202896;0.013126911233524769;Esporádicos Recientes
3833;257;3;85.93;0.0;0.09309903409752122;Esporádicos Recientes
3834;0;69;4069.16;0.28255954545901374;0.06806072997866881;Leales VIP / Crónicos
3835;183;6;1403.29;0.0;0.01316905272609368;Esporádicos Recientes
3837;170;6;185.2;0.6402267818574514;0.0;Cazadores de Ofertas
3838;35;24;1615.8;0.15690679539546973;0.0798923134051244;Frecuentes Regulares
3839;248;2;77.58;1.0;0.0;Cazadores de Ofertas
3840;155;3;139.68;0.0;0.0;Esporádicos Recientes
3842;80;10;411.14;0.29301454492387025;0.007612978547453422;Esporádicos Recientes
3843;102;3;196.10999999999999;0.8805262352761205;0.031920860741420636;Cazadores de Ofertas
3844;121;2;58.339999999999996;1.0;0.1475831333561879;Cazadores de Ofertas
3845;198;5;119.45;0.0;0.0;Esporádicos Recientes
3846;13;8;715.1;0.0;0.12171724234372813;Esporádicos Recientes
3847;526;7;333.87;0.3371671608709977;0.06442627369934406;Esporádicos / Desertores
3848;126;21;1395.13;0.2065685635030427;0.087196175266821;Frecuentes Regulares
3849;38;22;2005.28;0.24525752014681243;0.04964892683316046;Frecuentes Regulares
3850;9;30;2154.39;0.38922850551664284;0.07562697561722809;Frecuentes Regulares
3851;1;19;1507.3200000000002;0.6167369901547117;0.12951463524666296;Frecuentes Regulares
3852;25;2;81.82;0.0;0.0;Esporádicos Recientes
3853;167;4;343.44;0.9245865362217565;0.01680060563708362;Cazadores de Ofertas
3854;370;6;580.69;0.17846010780278632;0.0;Esporádicos / Desertores
3855;449;1;74.03999999999999;0.0;0.0;Esporádicos / Desertores
3856;18;86;6259.81;0.32968892027074304;0.07720202370359483;Leales VIP / Crónicos
3857;125;16;1389.06;0.151390148733676;0.018192158726044953;Esporádicos Recientes
3858;280;5;683.26;0.3289523753768697;0.0;Esporádicos Recientes
3859;449;6;438.81;0.04810738132677013;0.09295594904400538;Esporádicos / Desertores
3860;5;9;1327.48;0.0;0.08523668906499533;Esporádicos Recientes
3861;19;38;3751.17;0.11081875788087452;0.014438161960135103;Frecuentes Regulares
3862;59;6;196.04;0.3151907773923689;0.0;Esporádicos Recientes
3863;341;24;1693.83;0.8455807253384342;0.056381100818854314;Cazadores de Ofertas
3864;582;29;1818.43;0.6033611412042257;0.06293340958959101;Esporádicos / Desertores
3865;412;1;66.19;1.0;0.0;Cazadores de Ofertas
3866;0;86;7041.11;0.2764975976799113;0.07811552439885189;Leales VIP / Crónicos
3867;539;4;540.86;0.46224531302000516;0.08597418925415079;Esporádicos / Desertores
3869;255;8;808.6999999999999;0.24635835291208116;0.18192160257202922;Esporádicos Recientes
3870;1;19;1271.63;0.2122158174940824;0.05041560831373904;Frecuentes Regulares
3871;83;4;337.69;0.0;0.12484823358701767;Esporádicos Recientes
3872;713;2;72.74000000000001;0.7260104481715699;0.27398955182843;Cazadores de Ofertas
3873;682;5;241.39999999999998;0.5752692626346313;0.381980115990058;Esporádicos / Desertores
3874;79;3;52.57;0.18813011223131065;0.18813011223131065;Esporádicos Recientes
3877;577;2;157.16000000000003;0.04842199032832781;0.04842199032832781;Esporádicos / Desertores
3878;196;5;338.97;0.5558013983538366;0.0;Cazadores de Ofertas
3879;626;5;178.52;0.851445216222272;0.37368362088281426;Cazadores de Ofertas
3880;21;20;2402.73;0.48602631173706573;0.0657085898124217;Frecuentes Regulares
3881;71;7;903.3;0.06291376065537474;0.0;Esporádicos Recientes
3882;7;3;450.0500000000001;0.9797800244417286;0.014176202644150647;Cazadores de Ofertas
3883;518;13;1168.6;0.0;0.13058360431285299;Esporádicos / Desertores
3884;243;12;940.99;0.25606010690868125;0.12272181425945014;Esporádicos Recientes
3885;5;37;2704.97;0.23163288317430508;0.0929511233026614;Frecuentes Regulares
3886;425;4;320.1;0.26148078725398305;0.0;Esporádicos / Desertores
3887;29;17;2603.71;0.5155067192582892;0.03418199415449493;Frecuentes Regulares
3888;73;6;566.22;0.4689343364769877;0.0655398961534386;Esporádicos Recientes
3889;0;9;344.66;0.28123367956827017;0.02866593164277839;Esporádicos Recientes
3890;226;1;233.73;0.0;0.0;Esporádicos Recientes
3891;370;2;143.47;0.0;0.18449850142887014;Esporádicos / Desertores
3892;218;2;51.64;0.0;0.0;Esporádicos Recientes
3893;14;4;458.2;0.04373635966826713;0.0;Esporádicos Recientes
3895;386;6;224.66;0.2819371494703106;0.0690376569037657;Esporádicos / Desertores
3896;81;14;1978.1200000000001;0.713070996703941;0.01040381776636402;Frecuentes Regulares
3897;124;4;346.89;0.0;0.0;Esporádicos Recientes
3898;239;1;69.17999999999999;1.0;0.0;Cazadores de Ofertas
3899;156;4;199.32;0.8485851896447922;0.0;Cazadores de Ofertas
3900;224;4;213.88;0.0;0.10875257153544045;Esporádicos Recientes
3901;347;3;442.19;0.0;0.0;Esporádicos / Desertores
3902;8;33;2730.92;0.2251512310869597;0.05168954052114306;Frecuentes Regulares
3903;70;76;5830.92;0.3123452216802837;0.049726286760922805;Leales VIP / Crónicos
3904;70;19;1908.91;0.43850679183408325;0.08726445982262128;Frecuentes Regulares
3905;432;3;484.22;0.0;0.0;Esporádicos / Desertores
3906;287;5;337.51;0.11045598648928921;0.0;Esporádicos Recientes
3907;16;6;907.89;0.0;0.0;Esporádicos Recientes
3908;62;7;270.63;0.289953072460555;0.07833573513653327;Esporádicos Recientes
3909;69;7;311.73;0.27029801430725303;0.0;Esporádicos Recientes
3910;61;26;1653.65;0.4379826444531793;0.08815650228282888;Frecuentes Regulares
3912;177;6;372.56;0.6654767017393173;0.062030277002362036;Cazadores de Ofertas
3913;56;6;502.15;0.0;0.0;Esporádicos Recientes
3914;224;8;595.2;0.0;0.03785282258064516;Esporádicos Recientes
3915;7;75;6506.12;0.19870214505726916;0.08127424640184933;Leales VIP / Crónicos
3916;179;1;252.86;0.0;0.0;Esporádicos Recientes
3917;376;4;70.71000000000001;0.7403478998727197;0.7403478998727197;En Riesgo (Solo Medicamentos)
3918;472;4;153.59;0.8111856240640668;0.5508822188944593;En Riesgo (Solo Medicamentos)
3919;530;5;579.92;0.4805490412470686;0.15371085666988551;Esporádicos / Desertores
3920;212;3;120.78;0.0;0.0;Esporádicos Recientes
3921;528;8;486.87;1.0;0.0;Cazadores de Ofertas
3922;598;1;50.14;0.0;0.0;Esporádicos / Desertores
3924;15;2;152.21;0.0;0.0;Esporádicos Recientes
3925;342;6;411.33;0.3614129774147279;0.0984367782559016;Esporádicos / Desertores
3926;13;34;2256.88;0.6322090673850626;0.0171076884903052;Frecuentes Regulares
3927;28;29;2963.89;0.20646177827112344;0.10758833829865481;Frecuentes Regulares
3928;221;2;210.26;0.0;0.0;Esporádicos Recientes
3929;0;5;164.74;0.0;0.40603375015175425;Esporádicos Recientes
3930;184;88;7040.37;0.37615068526228024;0.09281756498593115;Leales VIP / Crónicos
3931;99;6;448.23;0.24989402761974883;0.0;Esporádicos Recientes
3932;92;6;280.83;0.5751878360574013;0.0;Esporádicos Recientes
3933;124;17;1905.92;0.8398201393552719;0.05376930826057757;Cazadores de Ofertas
3934;11;26;1678.01;0.4796514919458168;0.041251244033110646;Frecuentes Regulares
3935;72;23;1942.25;0.6294143390397735;0.051378555798687095;Frecuentes Regulares
3936;646;21;1597.3400000000001;0.2676512201535052;0.10838018205266253;Esporádicos / Desertores
3937;415;2;203.85000000000002;0.0;0.30757910228108903;Esporádicos / Desertores
3938;22;9;473.79;0.0;0.0961818527195593;Esporádicos Recientes
3939;602;1;92.75;1.0;0.0;Cazadores de Ofertas
3940;9;11;820.59;0.0;0.18342899621004397;Esporádicos Recientes
3941;306;5;298.65;0.0;0.0;Esporádicos / Desertores
3942;584;2;318.07;0.270726569623039;0.0;Esporádicos / Desertores
3943;613;2;273.63;0.0;0.02993092862624712;Esporádicos / Desertores
3944;482;5;874.3;0.0;0.0;Esporádicos / Desertores
3945;28;6;395.4;0.0;0.14221041982802227;Esporádicos Recientes
3946;42;19;2004.42;0.29576635635246107;0.016997435667175542;Frecuentes Regulares
3947;558;5;1842.83;0.8132220552085652;0.0;Cazadores de Ofertas
3948;11;22;1993.19;0.30121062216848365;0.0072797876770403225;Frecuentes Regulares
3949;43;8;757.9399999999999;0.0;0.06057207694540465;Esporádicos Recientes
3950;17;12;748.4399999999999;0.7608492330714555;0.15092726203837317;Cazadores de Ofertas
3952;56;7;886.69;0.0;0.06043825914355637;Esporádicos Recientes
3953;683;1;37.62;0.0;0.0;Esporádicos / Desertores
3954;470;5;626.95;0.0;0.024786665603317645;Esporádicos / Desertores
3955;540;1;13.939999999999998;1.0;0.0;Cazadores de Ofertas
3956;6;26;1761.37;0.29366345515138786;0.11930485928566968;Frecuentes Regulares
3957;34;4;240.69;0.8993726370019528;0.0;Cazadores de Ofertas
3958;20;23;1456.9;0.47091083808085654;0.07763744937881803;Frecuentes Regulares
3959;7;6;222.57;0.0;0.4548232016893562;En Riesgo (Solo Medicamentos)
3960;672;3;149.5;0.47110367892976596;0.0;Esporádicos / Desertores
3961;35;6;270.86;0.8706342760097466;0.169386398877649;Cazadores de Ofertas
3962;436;1;162.18;0.0;0.0;Esporádicos / Desertores
3963;8;73;5571.24;0.20238582434072128;0.07791443197564636;Leales VIP / Crónicos
3964;607;2;387.20000000000005;1.0;0.0;Cazadores de Ofertas
3965;342;7;1510.04;0.02479404519085587;0.01069508092500861;Esporádicos / Desertores
3966;98;18;923.44;0.5433920991076843;0.07991856536429004;Frecuentes Regulares
3967;422;20;1177.0;0.38713678844519966;0.03879354290569244;Esporádicos / Desertores
3968;149;6;590.03;0.0;0.04128603630323882;Esporádicos Recientes
3969;298;10;412.55;0.6465398133559569;0.03376560416919161;Cazadores de Ofertas
3970;239;55;3296.94;0.2111200082500743;0.04289735330336615;Frecuentes Regulares
3971;459;3;233.92;0.0586952804377565;0.0;Esporádicos / Desertores
3972;13;92;7596.900000000001;0.36054048361831803;0.055142229067119485;Leales VIP / Crónicos
3973;327;28;2204.4500000000003;0.4667331987570596;0.04248225180884121;Frecuentes Regulares
3974;397;7;348.65;0.7705722070844688;0.028882833787465943;Cazadores de Ofertas
3975;471;2;239.02;0.0;0.0;Esporádicos / Desertores
3976;304;8;437.1;1.0;0.04012811713566689;Cazadores de Ofertas
3977;255;4;495.32;0.22579342647177583;0.0;Esporádicos Recientes
3978;15;27;1782.33;0.20248214415961133;0.1366076989109761;Frecuentes Regulares
3979;322;3;65.68;0.6144945188794153;0.0;Cazadores de Ofertas
3980;393;1;17.93;0.0;0.0;Esporádicos / Desertores
3981;269;3;202.42000000000002;0.38316371900009877;0.0;Esporádicos Recientes
3983;167;1;44.43;0.0;0.0;Esporádicos Recientes
3984;7;28;2139.23;0.6227988575328506;0.057857266399592384;Frecuentes Regulares
3985;257;2;106.18;0.0;0.5057449613863251;En Riesgo (Solo Medicamentos)
3986;295;7;786.44;0.43293830425715885;0.0;Esporádicos Recientes
3987;370;1;20.98;0.0;0.0;Esporádicos / Desertores
3988;10;49;2868.27;0.3699756299093182;0.06170269883937008;Frecuentes Regulares
3989;368;2;132.67;1.0;0.17698047787744028;Cazadores de Ofertas
3990;24;28;1344.96;0.3305377111586961;0.13562485129669283;Frecuentes Regulares
3991;37;3;235.94000000000003;1.0;0.0;Cazadores de Ofertas
3992;19;21;1490.19;0.3578671176158745;0.014011636100094618;Frecuentes Regulares
3993;44;15;1304.42;0.22958862942917158;0.062449211143650055;Esporádicos Recientes
3994;372;2;170.39999999999998;1.0;0.0;Cazadores de Ofertas
3995;381;5;220.13;0.7065370462908281;0.02689319947303866;Cazadores de Ofertas
3998;519;6;190.51999999999998;1.0;0.4056791937854293;Cazadores de Ofertas
3999;166;6;347.1;0.5634975511380006;0.0;Cazadores de Ofertas
4001;648;5;365.88;0.21558981086695095;0.0;Esporádicos / Desertores
4002;4;5;139.19;0.0;0.09239169480566133;Esporádicos Recientes
4004;433;2;445.91;0.026619721468457758;0.026619721468457758;Esporádicos / Desertores
4005;216;4;276.0;0.0;0.2316304347826087;Esporádicos Recientes
4006;464;10;377.23;0.46266203642340215;0.0;Esporádicos / Desertores
4007;177;6;1176.6999999999998;0.0;0.006764680887226992;Esporádicos Recientes
4008;148;3;66.38;0.0;0.0;Esporádicos Recientes
4009;99;2;48.78;0.5756457564575646;1.0;En Riesgo (Solo Medicamentos)
4010;498;1;119.22;0.0;0.0;Esporádicos / Desertores
4011;415;36;2670.1;0.37269390659525864;0.14531665480693606;Frecuentes Regulares
4012;422;6;406.18;0.518538578955143;0.0;Cazadores de Ofertas
4013;20;40;2883.11;0.21332866245131124;0.044233483980840135;Frecuentes Regulares
4014;4;27;2102.28;0.2668674011073691;0.1889282112753772;Frecuentes Regulares
4015;45;26;1243.36;0.5466880066915456;0.14818717024835928;Frecuentes Regulares
4016;4;29;2449.01;0.5309737404093898;0.06280905345425293;Frecuentes Regulares
4017;49;9;504.71;0.08939787204533295;0.07990727348378276;Esporádicos Recientes
4018;154;10;1057.48;0.0;0.035121231607217154;Esporádicos Recientes
4019;4;6;480.5;0.0;0.0;Esporádicos Recientes
4020;236;2;132.23;0.7669212735385313;0.7669212735385313;En Riesgo (Solo Medicamentos)
4021;30;25;1614.26;0.5292641829692862;0.1991748541127204;Frecuentes Regulares
4022;131;3;209.43;0.1437711884639259;0.0;Esporádicos Recientes
4023;272;66;4634.25;0.40366186545827265;0.052431353509197816;Leales VIP / Crónicos
4024;26;14;740.93;0.28290121873861235;0.13758384732700796;Esporádicos Recientes
4025;357;15;1091.24;0.7037315347677872;0.10367105311388879;Cazadores de Ofertas
4026;28;36;2668.71;0.5411940600514855;0.07361234454099545;Frecuentes Regulares
4027;15;4;104.33;0.0;0.0;Esporádicos Recientes
4028;297;6;351.74;0.9667083641325979;0.0;Cazadores de Ofertas
4029;10;19;1096.69;0.4142647420875543;0.05221165507116869;Frecuentes Regulares
4030;24;33;2504.95;0.3918361643944989;0.05500309387412923;Frecuentes Regulares
4031;25;8;400.35;0.5191707256150868;0.0;Esporádicos Recientes
4032;202;5;325.14;0.04001353263209694;0.0;Esporádicos Recientes
4033;15;75;4888.71;0.28534112270926276;0.10125370496511349;Leales VIP / Crónicos
4034;533;1;84.54;0.0;0.0;Esporádicos / Desertores
4035;535;2;109.24000000000001;0.0;0.16212010252654704;Esporádicos / Desertores
4036;654;4;458.53999999999996;0.04560125616085838;0.10446198804902518;Esporádicos / Desertores
4037;216;8;703.68;0.0;0.0803774442928604;Esporádicos Recientes
4038;23;26;1620.3;0.47415910633833247;0.09285317533790038;Frecuentes Regulares
4039;16;35;1990.26;0.4027413503763328;0.027910926210645844;Frecuentes Regulares
4040;5;28;2746.73;0.26764552759099003;0.0728648247188475;Frecuentes Regulares
4041;23;5;149.88;0.513210568454764;0.2227115025353616;Esporádicos Recientes
4042;240;1;318.66;1.0;0.0;Cazadores de Ofertas
4044;288;4;371.4;0.9847065158858375;0.0;Cazadores de Ofertas
4045;52;28;2620.0299999999997;0.09990725297038584;0.0550375377381175;Frecuentes Regulares
4046;16;13;615.85;0.5238775675895104;0.05808232524153608;Esporádicos Recientes
4047;243;2;21.18;0.0;0.0;Esporádicos Recientes
4049;0;83;5759.2;0.4651687734407557;0.06317196832893457;Leales VIP / Crónicos
4050;157;26;2484.43;0.06924727201007877;0.05037372757533922;Frecuentes Regulares
4051;5;11;632.08;0.0;0.18219212757878747;Esporádicos Recientes
4052;71;16;921.3000000000001;0.12150222511668293;0.11230869423640508;Esporádicos Recientes
4053;325;1;17.439999999999998;1.0;0.0;Cazadores de Ofertas
4054;3;30;2722.58;0.08019966355442264;0.09312857657075276;Frecuentes Regulares
4055;153;33;1610.25;0.28693681105418417;0.10738705170004659;Frecuentes Regulares
4056;315;5;575.8900000000001;0.4451023632985466;0.027157964194551038;Cazadores de Ofertas
4058;395;6;376.28;0.38819496119910707;0.39866588710534706;En Riesgo (Solo Medicamentos)
4059;47;27;1817.3999999999999;0.34473973808737757;0.10048420820953011;Frecuentes Regulares
4060;527;1;18.01;1.0;0.0;Cazadores de Ofertas
4061;425;5;389.56;0.4764349522538249;0.0;Esporádicos / Desertores
4062;7;23;1208.56;0.2205186337459456;0.06047693122393593;Frecuentes Regulares
4063;396;3;209.11999999999998;1.0;0.33258416220351944;Cazadores de Ofertas
4064;408;3;495.98;0.008528569700391146;0.10129440703254164;Esporádicos / Desertores
4065;474;2;228.37;0.822262118491921;0.0;Cazadores de Ofertas
4066;297;93;5492.19;0.4299031898022465;0.07358631074307334;Leales VIP / Crónicos
4067;390;7;193.82;0.3703436177897018;0.3307192240222887;Esporádicos / Desertores
4069;391;11;542.51;0.3980203129896223;0.0;Esporádicos / Desertores
4070;626;1;79.5;1.0;0.0;Cazadores de Ofertas
4071;490;5;1501.12;0.0;0.0;Esporádicos / Desertores
4072;129;10;562.4;0.7092105263157895;0.06740753911806543;Cazadores de Ofertas
4073;441;4;187.86;0.0;0.0;Esporádicos / Desertores
4074;114;4;345.42;0.9418678709976261;0.08604018296566499;Cazadores de Ofertas
4075;446;2;178.72;0.0;0.17658907788719785;Esporádicos / Desertores
4076;437;33;2342.39;0.5187223306110426;0.14281140202955103;Frecuentes Regulares
4077;33;36;3023.62;0.03892354197948155;0.021566863560897206;Frecuentes Regulares
4078;522;2;34.31;1.0;0.0;Cazadores de Ofertas
4079;4;3;239.93;0.12678697953569792;0.0;Esporádicos Recientes
4080;710;3;116.99000000000001;0.0;0.0;Esporádicos / Desertores
4081;140;2;15.68;0.0;0.0;Esporádicos Recientes
4082;354;1;19.43;1.0;1.0;En Riesgo (Solo Medicamentos)
4083;349;5;378.04;0.20384086340069835;0.0;Esporádicos / Desertores
4084;577;2;63.949999999999996;0.0;0.21735731039874903;Esporádicos / Desertores
4085;35;30;1901.98;0.11419152672478154;0.15760943858505347;Frecuentes Regulares
4086;59;55;3308.96;0.24494705285044246;0.050178908176587204;Frecuentes Regulares
4087;208;4;263.49;0.08895973281718471;0.12011841056586586;Esporádicos Recientes
4088;28;34;1952.21;0.12194384825403004;0.06320529041445336;Frecuentes Regulares
4089;217;6;785.5899999999999;0.0;0.11861148945378633;Esporádicos Recientes
4090;260;5;519.48;0.0;0.0;Esporádicos Recientes
4091;175;3;371.65999999999997;0.0;0.0;Esporádicos Recientes
4092;81;7;796.84;0.1517368605993675;0.03059585362180613;Esporádicos Recientes
4094;7;39;2672.91;0.32010056455323976;0.04853137591613635;Frecuentes Regulares
4095;474;4;261.34000000000003;0.3151450218106681;0.059883676436825586;Esporádicos / Desertores
4096;68;20;1387.1100000000001;0.14070261190532835;0.03543338307704508;Frecuentes Regulares
4097;230;1;7.719999999999999;1.0;1.0;En Riesgo (Solo Medicamentos)
4098;232;9;822.67;0.1448454422794073;0.05862618060704778;Esporádicos Recientes
4099;95;10;760.89;0.0968339707447857;0.0830080563550579;Esporádicos Recientes
4100;182;5;620.0;0.4888064516129032;0.0;Esporádicos Recientes
4101;0;3;101.02000000000001;0.0;0.05919619877252029;Esporádicos Recientes
4102;89;4;59.46;1.0;0.0;Cazadores de Ofertas
4103;16;7;417.53;0.47189423514477996;0.10621991234162816;Esporádicos Recientes
4104;369;4;365.25999999999993;0.0;0.09483655478289439;Esporádicos / Desertores
4105;233;6;239.15;0.21237716914070662;0.24883964039305873;Esporádicos Recientes
4106;371;16;1159.29;0.7629583624459799;0.08394793364904382;Cazadores de Ofertas
4107;22;2;140.61;0.505227224237252;0.0;Esporádicos Recientes
4108;507;2;53.47;0.0;0.0;Esporádicos / Desertores
4109;667;7;582.89;0.05055842440254593;0.19250630479164166;Esporádicos / Desertores
4110;392;3;252.11;0.0;0.0;Esporádicos / Desertores
4111;70;1;27.53;1.0;0.0;Cazadores de Ofertas
4112;367;4;377.31;0.4155203943706766;0.008136545546102674;Esporádicos / Desertores
4113;18;16;1596.22;0.3042876295247522;0.04086529425768378;Frecuentes Regulares
4114;3;10;449.53;0.33728560941427715;0.07418859697906703;Esporádicos Recientes
4115;176;1;158.14;0.0;0.0;Esporádicos Recientes
4116;59;5;266.09;0.0;0.0;Esporádicos Recientes
4117;483;4;209.83999999999997;1.0;0.0;Cazadores de Ofertas
4118;125;5;230.62;0.5606625617899575;0.0;Cazadores de Ofertas
4119;49;14;1420.3200000000002;0.14152444519544888;0.08581164807930605;Esporádicos Recientes
4120;312;4;139.36;0.3234787600459242;0.0;Esporádicos / Desertores
4121;665;4;143.23999999999998;0.3420832169784977;0.0;Esporádicos / Desertores
4122;7;72;3746.92;0.41279237346940956;0.0691688106498137;Leales VIP / Crónicos
4123;421;1;39.2;0.0;0.0;Esporádicos / Desertores
4124;167;35;1564.33;0.35057820280887025;0.10152589287426567;Frecuentes Regulares
4125;154;4;197.83999999999997;0.0;0.0;Esporádicos Recientes
4126;133;4;212.42;0.0;0.21636380755107806;Esporádicos Recientes
4127;83;8;1551.08;0.013596977589808393;0.007072491425329449;Esporádicos Recientes
4129;29;15;1924.22;0.048928916651942087;0.017108230867572315;Frecuentes Regulares
4130;219;4;545.48;0.0996553494170272;0.036884945369216104;Esporádicos Recientes
4131;500;4;375.43000000000006;0.0;0.4641877314013264;En Riesgo (Solo Medicamentos)
4132;9;29;3097.7999999999997;0.250364775001614;0.059503518626121764;Frecuentes Regulares
4133;15;28;2266.68;0.4219475179557768;0.1347433250392645;Frecuentes Regulares
4134;253;6;253.41;0.1855491101377215;0.0;Esporádicos Recientes
4135;497;3;97.15;0.2582604220277921;0.0;Esporádicos / Desertores
4136;465;7;216.71;0.16062941257902266;0.11010105671173456;Esporádicos / Desertores
4137;300;7;493.37;0.6385268662464275;0.044084561282607376;Cazadores de Ofertas
4138;695;1;58.72;0.0;1.0;En Riesgo (Solo Medicamentos)
4139;186;6;1382.15;0.0;0.005397388127193141;Esporádicos Recientes
4140;66;28;2292.05;0.47385528238912755;0.05142994262777862;Frecuentes Regulares
4141;165;6;225.28;0.0;0.0;Esporádicos Recientes
4142;0;8;576.33;0.0;0.2214876893446463;Esporádicos Recientes
4143;38;6;393.03999999999996;0.25231528597598213;0.0;Esporádicos Recientes
4144;533;2;80.35;0.0;0.33714996888612325;Esporádicos / Desertores
4145;160;7;346.43;0.0;0.0;Esporádicos Recientes
4146;0;9;280.37;0.19345864393480044;0.0;Esporádicos Recientes
4147;92;41;2249.63;0.21929383943137318;0.18988011361868393;Frecuentes Regulares
4148;644;6;522.75;0.37369679579148735;0.0;Esporádicos / Desertores
4149;307;8;682.7099999999999;0.8705453267126598;0.11192160653864744;Cazadores de Ofertas
4150;333;4;555.02;0.0;0.0;Esporádicos / Desertores
4151;267;2;96.85;0.0;0.0;Esporádicos Recientes
4152;604;41;3932.29;0.41385808269481655;0.062213112461186736;Frecuentes Regulares
4153;179;7;528.5;0.0;0.0;Esporádicos Recientes
4154;42;2;231.97000000000003;0.0;0.0;Esporádicos Recientes
4155;68;16;612.29;0.4039589083604175;0.3165493475313985;Esporádicos Recientes
4156;434;3;446.66;0.01184346035015448;0.01184346035015448;Esporádicos / Desertores
4157;266;7;237.32;0.0;0.131468060003371;Esporádicos Recientes
4158;517;6;261.55;0.6255400497036895;0.5829095775186389;En Riesgo (Solo Medicamentos)
4159;451;1;365.21;1.0;0.0;Cazadores de Ofertas
4160;339;3;248.66;0.17948202364674656;0.0;Esporádicos / Desertores
4161;556;29;1713.73;0.6067525222759711;0.057296073477152175;Esporádicos / Desertores
4162;15;6;482.76;0.5709047974148646;0.022847791863451816;Esporádicos Recientes
4163;0;21;1463.73;0.6544649628005165;0.040601750322805434;Frecuentes Regulares
4164;118;1;56.86000000000001;1.0;0.0;Cazadores de Ofertas
4165;73;2;93.83;0.0;0.0;Esporádicos Recientes
4166;637;2;91.42;0.4907022533362503;0.0;Esporádicos / Desertores
4167;286;7;767.5699999999999;0.5876988417994451;0.11533801477389685;Cazadores de Ofertas
4168;392;4;233.45999999999998;0.7552043176561295;0.0;Cazadores de Ofertas
4169;316;7;653.31;0.15175031761338417;0.015551575821585466;Esporádicos / Desertores
4170;9;30;2207.86;0.2575842671183861;0.0739041424728017;Frecuentes Regulares
4171;517;4;332.78;0.06496784662539817;0.0;Esporádicos / Desertores
4172;343;6;327.08;0.9904916228445639;0.059710162651339126;Cazadores de Ofertas
4173;699;7;375.74;0.2970138925852983;0.0;Esporádicos / Desertores
4174;292;66;5471.18;0.5008590468600923;0.033113514817644456;Leales VIP / Crónicos
4175;538;5;642.48;0.0;0.0;Esporádicos / Desertores
4176;517;2;129.81;1.0;0.020722594561281872;Cazadores de Ofertas
4177;320;5;314.34000000000003;0.37761659349748683;0.0;Esporádicos / Desertores
4178;7;29;3591.9700000000003;0.5165744702767562;0.032661742720568376;Frecuentes Regulares
4180;10;7;674.99;0.0;0.13828353012637223;Esporádicos Recientes
4181;0;76;5306.64;0.46673412931723274;0.09844459017381996;Leales VIP / Crónicos
4182;0;3;190.53;0.0;0.0;Esporádicos Recientes
4183;16;83;6858.59;0.24779291370383708;0.044420208818430604;Leales VIP / Crónicos
4184;371;44;2327.06;0.32768815587049754;0.08980000515672136;Frecuentes Regulares
4185;10;3;56.47;0.6355587037364973;0.6667256950593236;En Riesgo (Solo Medicamentos)
4186;6;4;126.33000000000001;0.0;0.5035225203831235;En Riesgo (Solo Medicamentos)
4187;348;2;97.07;1.0;0.0;Cazadores de Ofertas
4188;384;1;6.0;1.0;0.0;Cazadores de Ofertas
4189;24;5;289.65;0.09494217158639738;0.0;Esporádicos Recientes
4190;409;6;434.72;0.07542786161207214;0.1188811188811189;Esporádicos / Desertores
4191;714;2;159.53;0.0;0.0;Esporádicos / Desertores
4192;464;4;431.65999999999997;0.841402956030209;0.09984710188574342;Cazadores de Ofertas
4193;141;3;458.76;0.4435216671026245;0.0;Esporádicos Recientes
4194;541;2;93.46000000000001;1.0;0.3617590413010914;Cazadores de Ofertas
4196;341;2;106.44;0.9219278466741826;0.0;Cazadores de Ofertas
4197;546;2;314.87;0.0;0.0;Esporádicos / Desertores
4198;9;6;547.79;0.7873637707880756;0.03570711404005184;Cazadores de Ofertas
4199;9;35;2753.77;0.1103795887092967;0.07339029766465609;Frecuentes Regulares
4200;98;8;784.76;0.9127886232733574;0.012844691370610123;Cazadores de Ofertas
4201;137;5;272.03;0.3499246406646326;0.12068521854207258;Esporádicos Recientes
4202;228;10;400.6;0.26105841238142785;0.10162256615077384;Esporádicos Recientes
4203;2;29;2284.97;0.5143393567530428;0.01563696678731012;Frecuentes Regulares
4204;441;9;1416.6399999999999;0.0;0.11408685339959342;Esporádicos / Desertores
4205;539;1;34.32;1.0;0.0;Cazadores de Ofertas
4206;648;2;55.97;0.08736823298195463;0.0;Esporádicos / Desertores
4207;309;1;31.3;0.0;0.0;Esporádicos / Desertores
4208;24;5;303.73;0.5631317288381128;0.2508477924472393;Esporádicos Recientes
4209;188;5;139.97;0.5052511252411231;0.0;Esporádicos Recientes
4210;589;72;3829.88;0.5620254420504037;0.095185749945168;Leales VIP / Crónicos
4211;5;88;7781.96;0.24405419714313617;0.0646636579987561;Leales VIP / Crónicos
4213;599;3;100.31;1.0;0.026916558668128802;Cazadores de Ofertas
4215;558;3;65.64;0.48689823278488725;0.0;Esporádicos / Desertores
4216;379;4;180.23000000000002;1.0;0.1760528213948843;Cazadores de Ofertas
4217;79;4;218.32000000000002;1.0;0.0;Cazadores de Ofertas
4218;400;5;743.14;0.3456683801168017;0.0;Esporádicos / Desertores
4219;179;36;2636.85;0.6837211066234332;0.1016440070538711;Frecuentes Regulares
4220;240;2;315.57000000000005;1.0;0.0;Cazadores de Ofertas
4221;525;20;1225.47;0.6156495059038574;0.05594588198813517;Cazadores de Ofertas
4222;133;8;697.79;0.25754166726378996;0.0;Esporádicos Recientes
4223;373;7;937.53;0.1466833061342037;0.0;Esporádicos / Desertores
4224;27;9;577.37;0.2761314235239102;0.0;Esporádicos Recientes
4225;177;1;125.51;0.0;0.0;Esporádicos Recientes
4226;55;1;73.4;0.0;0.0;Esporádicos Recientes
4227;182;7;843.13;0.0;0.07261039222895639;Esporádicos Recientes
4228;150;6;237.82;0.4189723320158103;0.0;Esporádicos Recientes
4229;257;27;1525.65;0.32510077671812015;0.03880313309081375;Frecuentes Regulares
4230;650;4;306.8;0.0;0.03432203389830508;Esporádicos / Desertores
4231;580;6;555.09;0.37269631951575427;0.05599092039128789;Esporádicos / Desertores
4232;45;2;39.62;1.0;0.7364967188288744;En Riesgo (Solo Medicamentos)
4233;399;1;10.98;1.0;0.0;Cazadores de Ofertas
4234;25;2;470.3;0.8741441633000213;0.0;Cazadores de Ofertas
4235;343;4;431.77;0.9108321560089863;0.0;Cazadores de Ofertas
4236;499;2;264.66;0.0;0.0;Esporádicos / Desertores
4237;109;14;1087.4;0.5904450983998528;0.12826006989148425;Frecuentes Regulares
4239;5;13;1173.0;0.25312020460358053;0.0;Esporádicos Recientes
4240;312;7;654.91;0.47991327052572114;0.029820891420195145;Cazadores de Ofertas
4242;195;7;570.3199999999999;0.566646794781877;0.10778159629681583;Cazadores de Ofertas
4243;43;15;1353.71;0.8379342695259693;0.004749909507944832;Cazadores de Ofertas
4245;157;19;2042.34;0.18409765269249978;0.007868425433571297;Frecuentes Regulares
4246;446;6;384.42;0.5525727069351231;0.4307007960043703;En Riesgo (Solo Medicamentos)
4247;56;22;1883.02;0.2725621607842721;0.04125288101029198;Frecuentes Regulares
4248;154;23;796.8199999999999;0.6901307698099948;0.02806154463994378;Cazadores de Ofertas
4249;36;3;282.63;0.0;0.0;Esporádicos Recientes
4250;584;25;1529.23;0.6563303100253068;0.011345579147675628;Cazadores de Ofertas
4251;489;5;114.97;0.4575106549534661;0.0;Esporádicos / Desertores
4252;202;4;332.68;0.5821209570758686;0.0;Cazadores de Ofertas
4253;176;7;950.2;0.9496106082929909;0.058777099557987794;Cazadores de Ofertas
4254;318;3;390.40000000000003;1.0;0.0;Cazadores de Ofertas
4255;641;3;121.49;1.0;0.0;Cazadores de Ofertas
4256;356;2;107.3;0.0;0.0;Esporádicos / Desertores
4257;14;7;958.0400000000001;0.45689115277023923;0.10543401110600809;Esporádicos Recientes
4258;42;5;161.35000000000002;0.3642392314843508;0.5838859621939881;En Riesgo (Solo Medicamentos)
4259;87;17;622.21;0.25375677022227217;0.0;Esporádicos Recientes
4261;177;4;368.27;0.418986070002987;0.0;Esporádicos Recientes
4262;0;33;3577.09;0.09691117640316571;0.021341369660813677;Frecuentes Regulares
4263;13;93;6460.01;0.3188973391682056;0.061281638882911944;Leales VIP / Crónicos
4264;528;1;84.66;1.0;0.0;Cazadores de Ofertas
4265;261;8;1744.4199999999998;0.2589972598342143;0.044903176987193455;Esporádicos Recientes
4266;163;5;881.87;0.0;0.006248086452651751;Esporádicos Recientes
4267;22;83;5241.32;0.2580494989811727;0.0865812428930117;Leales VIP / Crónicos
4268;489;3;106.09;0.0;0.0;Esporádicos / Desertores
4269;7;87;6236.52;0.5144215043004752;0.05323642031132746;Leales VIP / Crónicos
4270;553;7;356.28000000000003;0.7294824295497921;0.058100370495116196;Cazadores de Ofertas
4271;665;7;302.2;0.3245863666446062;0.0;Esporádicos / Desertores
4273;67;10;308.05;0.07385164745982793;0.1571498133419899;Esporádicos Recientes
4274;16;19;1387.3700000000001;0.0;0.11725062528381038;Esporádicos Recientes
4275;75;13;760.08;0.4524918429638985;0.08392537627618143;Esporádicos Recientes
4276;153;6;1126.73;0.01587780568547922;0.0;Esporádicos Recientes
4277;168;9;467.62;0.49349899491039734;0.18001796330353706;Esporádicos Recientes
4278;399;11;570.5999999999999;0.1588503329828251;0.09872064493515599;Esporádicos / Desertores
4279;335;7;294.24;0.6671084828711257;0.036058999456226204;Cazadores de Ofertas
4280;60;5;775.1;0.7292220358663398;0.0;Cazadores de Ofertas
4281;538;2;59.92;0.22746995994659547;0.0;Esporádicos / Desertores
4282;157;12;770.08;0.3033321213380428;0.2586354664450447;Esporádicos Recientes
4283;10;3;94.75;0.670712401055409;0.0;Cazadores de Ofertas
4284;80;5;503.05999999999995;0.20528366397646405;0.060569315787381235;Esporádicos Recientes
4285;664;8;179.14;0.3194149826950988;0.0;Esporádicos / Desertores
4286;17;27;2064.89;0.39660708318602933;0.07740363893476165;Frecuentes Regulares
4287;516;10;703.11;0.9425694414814183;0.08001592922871242;Cazadores de Ofertas
4288;0;80;4470.9;0.2756491981480239;0.07702699680153885;Leales VIP / Crónicos
4289;364;4;115.97;1.0;0.0;Cazadores de Ofertas
4290;32;15;630.28;0.5940851684965412;0.13946182648981406;Esporádicos Recientes
4291;5;30;2305.95;0.6475465643227304;0.028920835230599105;Frecuentes Regulares
4292;80;7;287.64;0.8844736476150744;0.11552635238492559;Cazadores de Ofertas
4293;422;4;633.53;0.873170962701056;0.051852319542878784;Cazadores de Ofertas
4294;558;2;30.869999999999997;0.0;0.0;Esporádicos / Desertores
4296;2;12;1458.77;0.4145890030642253;0.03007328091474324;Frecuentes Regulares
4298;506;3;197.64;1.0;0.0;Cazadores de Ofertas
4299;536;6;476.32000000000005;0.5156827342962713;0.005353543836076586;Esporádicos / Desertores
4300;37;26;1783.48;0.3378395047883912;0.16043914145378696;Frecuentes Regulares
4301;87;7;270.7;0.12190616919098633;0.7141115626154415;En Riesgo (Solo Medicamentos)
4302;482;2;452.76;1.0;0.032092057602261685;Cazadores de Ofertas
4303;701;1;46.54;1.0;0.0;Cazadores de Ofertas
4304;139;5;268.17;0.2401088861543051;0.029421635529701305;Esporádicos Recientes
4305;295;22;1669.98;0.17083438125007486;0.09971376902717398;Frecuentes Regulares
4306;19;1;162.3;0.0;0.0;Esporádicos Recientes
4307;134;4;400.31;0.0;0.3184282181309485;Esporádicos Recientes
4308;180;4;260.97;0.01571061807870636;0.01571061807870636;Esporádicos Recientes
4309;193;5;196.08999999999997;0.5309806721403438;0.08205415880463053;Cazadores de Ofertas
4310;148;6;269.83;0.31379016417744504;0.0;Esporádicos Recientes
4311;518;89;6499.13;0.2901680686491884;0.061066635072694345;Leales VIP / Crónicos
4312;11;60;4857.1;0.569426200819419;0.05061044656276378;Leales VIP / Crónicos
4313;20;19;1657.23;0.2543521418270246;0.13910561599777943;Frecuentes Regulares
4314;362;96;8764.25;0.4314447899135693;0.07670935904384289;Leales VIP / Crónicos
4315;166;9;637.0500000000001;0.06716898202652853;0.12637940507024567;Esporádicos Recientes
4316;642;1;79.18;0.0;0.0;Esporádicos / Desertores
4317;293;5;209.69;1.0;0.0;Cazadores de Ofertas
4318;350;1;22.270000000000003;1.0;0.0;Cazadores de Ofertas
4319;177;3;93.13;0.060023622892730596;0.060023622892730596;Esporádicos Recientes
4320;148;30;2726.67;0.28779793667733905;0.03806107816494112;Frecuentes Regulares
4321;8;18;1622.76;0.4999383765929651;0.049557543937489214;Frecuentes Regulares
4323;4;33;1783.21;0.07385557505846198;0.2256548583733828;Frecuentes Regulares
4324;626;106;7169.15;0.49406136013334917;0.04280981706338967;Leales VIP / Crónicos
4325;11;9;548.9799999999999;0.7969689241866735;0.26787861124266826;Cazadores de Ofertas
4326;22;17;1280.21;0.32964123073558244;0.020785652353910687;Frecuentes Regulares
4327;356;4;196.85;0.0;0.0;Esporádicos / Desertores
4328;531;5;883.87;0.21907067781461073;0.0030094923461595033;Esporádicos / Desertores
4329;21;2;364.01;0.0;0.0;Esporádicos Recientes
4330;698;1;90.9;1.0;0.0;Cazadores de Ofertas
4331;22;9;563.1;0.5559758479843722;0.21133013674302964;Esporádicos Recientes
4333;496;6;734.06;0.0;0.010244394191210529;Esporádicos / Desertores
4334;492;3;97.55;0.0;0.0;Esporádicos / Desertores
4335;19;5;207.39000000000001;0.8168185544143883;0.0;Cazadores de Ofertas
4336;695;2;216.79999999999998;0.0;0.0;Esporádicos / Desertores
4337;338;6;782.6099999999999;0.6425933734554886;0.0;Cazadores de Ofertas
4338;164;6;309.75;0.0;0.03631961259079903;Esporádicos Recientes
4339;449;2;33.89;0.0;0.0;Esporádicos / Desertores
4341;1;31;1541.96;0.41063322005758907;0.12785026848945497;Frecuentes Regulares
4342;15;57;4657.72;0.22202708621385572;0.04155681320474395;Leales VIP / Crónicos
4343;412;4;293.64;0.0;0.2432911047541207;Esporádicos / Desertores
4344;0;68;5527.99;0.44770884173090036;0.06307355838197971;Leales VIP / Crónicos
4345;597;4;73.02;1.0;0.24924678170364284;Cazadores de Ofertas
4346;139;4;295.23;0.0;0.0;Esporádicos Recientes
4347;4;5;542.45;0.0;0.2785141487694718;Esporádicos Recientes
4348;706;1;81.78;0.0;0.0;Esporádicos / Desertores
4349;448;6;591.58;0.09540552418945873;0.03960580141316474;Esporádicos / Desertores
4350;327;14;847.25;0.25934493951018;0.04526408970197698;Esporádicos / Desertores
4351;163;5;661.99;0.23412740373721655;0.04123929364491911;Esporádicos Recientes
4352;47;14;1898.5400000000002;0.2750481949287347;0.012662361604180052;Frecuentes Regulares
4353;116;7;370.69;0.091343170843562;0.0;Esporádicos Recientes
4354;522;4;281.9;1.0;0.0;Cazadores de Ofertas
4355;364;5;704.9100000000001;0.7637428891631557;0.0454526109716134;Cazadores de Ofertas
4356;593;5;259.92;0.6771314250538627;0.14500615574022777;Cazadores de Ofertas
4357;24;36;3149.31;0.5230987105111913;0.0669765758213704;Frecuentes Regulares
4358;381;7;413.59000000000003;0.13745496747987138;0.11235764887932492;Esporádicos / Desertores
4359;17;6;590.8;0.8323798239675018;0.0;Cazadores de Ofertas
4360;703;2;81.16;0.0;0.23447511089206508;Esporádicos / Desertores
4361;541;3;126.08;0.7477791878172589;0.0;Cazadores de Ofertas
4362;52;4;327.27;0.0;0.0;Esporádicos Recientes
4363;89;2;98.37;1.0;0.0;Cazadores de Ofertas
4364;399;3;146.66;0.0;0.0;Esporádicos / Desertores
4365;342;12;978.59;0.227827793049183;0.10121705719453498;Esporádicos / Desertores
4366;67;5;331.79999999999995;0.8076853526220616;0.05913200723327307;Cazadores de Ofertas
4367;9;7;712.3000000000001;0.5440123543450792;0.10077214656745755;Esporádicos Recientes
4368;136;7;602.94;0.0;0.0;Esporádicos Recientes
4370;59;6;242.35000000000002;0.5324530637507737;0.06531875386837219;Esporádicos Recientes
4371;408;3;164.56;0.0;0.0;Esporádicos / Desertores
4372;180;3;244.83;0.1288240820160928;0.7478250214434505;En Riesgo (Solo Medicamentos)
4373;367;3;68.44;1.0;0.2125949736995909;Cazadores de Ofertas
4375;43;33;2526.35;0.1863241435272231;0.060553763334454856;Frecuentes Regulares
4376;451;3;291.23;1.0;0.04851835319163548;Cazadores de Ofertas
4377;196;6;1054.6;0.730390669448132;0.06828181300967191;Cazadores de Ofertas
4378;30;14;1364.31;0.39806202402679747;0.0327564849630949;Frecuentes Regulares
4379;15;4;108.25;0.0;0.3215704387990762;Esporádicos Recientes
4380;11;29;1663.82;0.2631955379788679;0.09469173348078519;Frecuentes Regulares
4381;675;4;311.96999999999997;0.9283905503734334;0.07160944962656667;Cazadores de Ofertas
4382;381;5;499.62;0.005344061486729915;0.11058404387334374;Esporádicos / Desertores
4383;375;6;344.93;1.0;0.0;Cazadores de Ofertas
4384;29;31;2259.35;0.5044326908181557;0.09987828357713503;Frecuentes Regulares
4385;371;4;693.75;0.0;0.01964684684684685;Esporádicos / Desertores
4386;381;6;178.62;1.0;0.16034038741462323;Cazadores de Ofertas
4387;245;2;338.23;0.14708925878839843;0.14708925878839843;Esporádicos Recientes
4388;718;1;10.81;0.0;1.0;En Riesgo (Solo Medicamentos)
4389;158;7;576.99;0.6645695765957815;0.09386644482573354;Cazadores de Ofertas
4390;70;9;666.0500000000001;0.08090984160348322;0.04619773290293521;Esporádicos Recientes
4391;128;5;244.48;0.019101767015706806;0.09845386125654451;Esporádicos Recientes
4392;352;24;2949.9500000000003;0.3722944456685706;0.022749538127764875;Frecuentes Regulares
4393;674;1;258.57;0.0;0.0;Esporádicos / Desertores
4394;29;24;1567.51;0.36340438019534166;0.016682509202493128;Frecuentes Regulares
4395;391;4;794.4300000000001;0.9799604748058357;0.035887365784273;Cazadores de Ofertas
4396;45;20;1914.89;0.14695883314446262;0.028858054509658518;Frecuentes Regulares
4397;370;3;163.6;0.0;0.20158924205378972;Esporádicos / Desertores
4398;260;8;715.21;0.0;0.030340739083625785;Esporádicos Recientes
4399;221;2;71.34;0.0;0.2837118026352677;Esporádicos Recientes
4400;534;1;19.05;1.0;1.0;En Riesgo (Solo Medicamentos)
4401;15;8;864.61;0.0;0.05098252391251547;Esporádicos Recientes
4402;705;4;420.88;0.4713695114997149;0.0;Esporádicos / Desertores
4403;6;8;342.85;0.12057751203150066;0.19932915269068105;Esporádicos Recientes
4404;19;3;260.95;0.0;0.07330906303889634;Esporádicos Recientes
4405;322;5;285.01;0.16048559699659662;0.037086418020420335;Esporádicos / Desertores
4406;29;39;3012.33;0.27739656677721236;0.07484903712408668;Frecuentes Regulares
4407;630;5;654.66;1.0;0.07315247609446125;Cazadores de Ofertas
4408;25;18;1140.1799999999998;0.12396288305355296;0.05664895016576331;Esporádicos Recientes
4409;202;5;328.44;0.5590062111801242;0.06701376202654975;Cazadores de Ofertas
4411;69;1;161.49;0.0;0.0;Esporádicos Recientes
4412;4;60;4732.6900000000005;0.2024704766211182;0.03270021911428806;Leales VIP / Crónicos
4413;337;9;269.56;0.4751075827274076;0.12880249295147647;Cazadores de Ofertas
4414;525;1;36.39;0.0;0.0;Esporádicos / Desertores
4415;145;4;585.92;0.023740442381212454;0.0;Esporádicos Recientes
4416;373;2;242.17000000000002;1.0;0.0;Cazadores de Ofertas
4418;24;6;200.41000000000003;1.0;0.0;Cazadores de Ofertas
4419;524;1;53.34;0.0;0.0;Esporádicos / Desertores
4420;163;6;524.65;0.23547126655865816;0.04614504908033928;Esporádicos Recientes
4421;468;3;210.41;0.03036927902666223;0.03036927902666223;Esporádicos / Desertores
4422;539;5;403.19000000000005;0.5534611473498847;0.17406185669287433;Esporádicos / Desertores
4423;99;9;455.36999999999995;0.7896875068625514;0.0;Cazadores de Ofertas
4424;625;1;26.49;0.0;0.0;Esporádicos / Desertores
4425;24;4;303.91;0.6733901483991971;0.0;Cazadores de Ofertas
4426;528;6;220.4;0.7424682395644283;0.0;Cazadores de Ofertas
4427;416;6;966.5799999999999;0.19791429576444786;0.0;Esporádicos / Desertores
4428;154;2;85.75;0.0;0.0;Esporádicos Recientes
4429;646;3;173.91;0.0;0.0;Esporádicos / Desertores
4430;135;4;716.9100000000001;0.0;0.0;Esporádicos Recientes
4431;16;31;2110.23;0.15320604862977022;0.0431185226254958;Frecuentes Regulares
4433;631;1;27.15;1.0;0.0;Cazadores de Ofertas
4434;546;23;1364.56;0.30472093568622854;0.2972753121885443;Esporádicos / Desertores
4435;224;8;553.82;0.6811418872557871;0.1288685854609801;Cazadores de Ofertas
4436;436;2;97.02999999999999;1.0;0.0;Cazadores de Ofertas
4437;527;4;114.96;0.9303235908141962;0.0;Cazadores de Ofertas
4438;2;20;1553.0;0.3145331616226658;0.04577591757887959;Frecuentes Regulares
4439;80;26;2204.92;0.3110044808881955;0.012630843749433086;Frecuentes Regulares
4440;32;7;473.97;0.4968035951642509;0.035909445745511324;Esporádicos Recientes
4441;413;2;80.64;1.0;0.0;Cazadores de Ofertas
4442;112;3;188.85;0.21371458829759069;0.0;Esporádicos Recientes
4443;591;6;250.92;0.679818268770923;0.0;Cazadores de Ofertas
4444;207;3;142.09;0.0;0.0;Esporádicos Recientes
4445;389;5;178.57;0.9565996527972224;0.04340034720277763;Cazadores de Ofertas
4446;123;2;91.47;0.17677927189242373;0.0;Esporádicos Recientes
4447;132;32;3369.1400000000003;0.03999240162177885;0.09847320087618798;Frecuentes Regulares
4448;44;4;155.17;0.31198040858413356;0.0;Esporádicos Recientes
4449;163;3;88.99;0.0;0.0;Esporádicos Recientes
4451;510;7;412.68;1.0;0.11645827275370747;Cazadores de Ofertas
4452;195;3;76.85000000000001;0.41717631750162654;0.0;Esporádicos Recientes
4453;252;5;298.95000000000005;0.9072085633049005;0.0927914366950995;Cazadores de Ofertas
4454;16;26;1585.53;0.14926239175543826;0.07179302819877266;Frecuentes Regulares
4455;4;21;2383.1;0.0;0.07643405648105409;Frecuentes Regulares
4456;21;33;2586.85;0.5902932137541799;0.01798712720103601;Frecuentes Regulares
4457;400;3;85.91;1.0;0.0;Cazadores de Ofertas
4458;468;6;404.25;0.3060482374768089;0.0;Esporádicos / Desertores
4459;416;3;244.51;0.6590323504151159;0.0;Cazadores de Ofertas
4463;74;7;413.14;0.5407125913733843;0.08786367817204821;Esporádicos Recientes
4464;17;27;1325.29;0.5239607934867085;0.14716778969131286;Frecuentes Regulares
4465;23;6;391.99000000000007;0.0;0.023929181866884357;Esporádicos Recientes
4466;86;4;195.35999999999999;0.09945741195741196;0.0;Esporádicos Recientes
4467;186;2;89.86000000000001;1.0;0.0;Cazadores de Ofertas
4468;333;6;557.52;0.5195149949777587;0.0;Cazadores de Ofertas
4469;315;7;426.77;1.0;0.0;Cazadores de Ofertas
4470;185;24;1911.52;0.19747635389637566;0.05201096509583996;Frecuentes Regulares
4471;212;6;648.36;0.11353260534271084;0.017366894934912704;Esporádicos Recientes
4472;387;4;261.46999999999997;0.6299001797529353;0.0;Cazadores de Ofertas
4473;25;8;435.19;0.5716813345894897;0.06787839794112917;Esporádicos Recientes
4474;274;2;555.03;0.0;0.0;Esporádicos Recientes
4475;294;6;192.2;0.5032778355879293;0.0740894901144641;Cazadores de Ofertas
4476;375;7;375.41999999999996;0.47698577593095737;0.0;Cazadores de Ofertas
4477;1;6;207.54000000000002;0.0;0.0;Esporádicos Recientes
4479;574;1;27.56;0.0;1.0;En Riesgo (Solo Medicamentos)
4480;417;17;920.4;0.18911342894393743;0.08453933072577141;Esporádicos / Desertores
4481;162;7;485.26000000000005;0.0;0.04603717594691505;Esporádicos Recientes
4482;27;24;827.94;0.20682658163635045;0.24614102471193564;Frecuentes Regulares
4483;366;3;77.03999999999999;1.0;0.0;Cazadores de Ofertas
4484;181;1;200.52;0.0;0.0;Esporádicos Recientes
4485;98;5;213.68;1.0;0.0;Cazadores de Ofertas
4486;233;3;64.35;0.18834498834498836;0.0;Esporádicos Recientes
4487;0;14;1279.98;0.21358146221034702;0.01357052453944593;Esporádicos Recientes
4488;366;2;137.75;1.0;0.0;Cazadores de Ofertas
4489;134;5;156.79999999999998;0.0;0.0;Esporádicos Recientes
4490;467;25;2908.16;0.3299405809859155;0.016632509903169012;Frecuentes Regulares
4491;279;6;178.74;0.9270448696430569;0.0;Cazadores de Ofertas
4493;20;3;457.55;0.0;0.032870724510982406;Esporádicos Recientes
4494;311;5;101.63000000000001;0.6729312210961331;0.18842861359834692;Cazadores de Ofertas
4495;97;9;569.41;0.4735252278674418;0.2932509088354613;Esporádicos Recientes
4497;350;1;49.97;0.0;0.0;Esporádicos / Desertores
4498;24;4;207.97;1.0;0.0;Cazadores de Ofertas
4499;384;14;1103.03;0.5380180049500014;0.03024396435273746;Cazadores de Ofertas
4500;386;1;42.01;1.0;0.0;Cazadores de Ofertas
4501;56;8;833.18;0.0;0.07789433255719054;Esporádicos Recientes
4502;63;4;392.33;0.0;0.0;Esporádicos Recientes
4503;156;6;364.43;0.17043053535658426;0.10794940043355378;Esporádicos Recientes
4504;19;6;482.03;0.0;0.08945501317345393;Esporádicos Recientes
4505;424;3;40.06;0.2985521717423864;0.2985521717423864;Esporádicos / Desertores
4506;38;4;131.74;0.9437528465158647;0.0;Cazadores de Ofertas
4507;122;3;45.64;0.44566170026292734;0.0;Esporádicos Recientes
4508;505;2;59.349999999999994;0.0;0.3649536647009267;Esporádicos / Desertores
4509;0;67;5939.83;0.24168705164962637;0.08321786987169667;Leales VIP / Crónicos
4510;241;6;650.4699999999999;0.20210001998554894;0.014097498731686321;Esporádicos Recientes
4511;517;5;190.69;0.4709213907388956;0.18548429388011956;Esporádicos / Desertores
4512;436;6;371.45;0.0;0.030394400323058283;Esporádicos / Desertores
4513;29;30;2178.21;0.2297528704762167;0.10633501820301991;Frecuentes Regulares
4514;19;34;2122.38;0.42658242162101034;0.05623875083632526;Frecuentes Regulares
4515;45;4;600.03;0.1783744146126027;0.0;Esporádicos Recientes
4516;73;5;889.2300000000001;1.0;0.08353294423265072;Cazadores de Ofertas
4517;40;30;2514.08;0.1824643607204226;0.034060173105072235;Frecuentes Regulares
4518;533;21;2294.84;0.16292639138240572;0.009455996932247999;Esporádicos / Desertores
4519;3;3;504.52000000000004;0.0;0.0;Esporádicos Recientes
4520;471;1;121.79;1.0;0.0;Cazadores de Ofertas
4521;15;3;205.73;0.0;0.0;Esporádicos Recientes
4522;19;90;7787.54;0.32795337166807487;0.04374552169234444;Leales VIP / Crónicos
4523;500;1;87.25;0.0;0.0;Esporádicos / Desertores
4524;2;22;1066.55;0.7414467207350804;0.05470910880877596;Frecuentes Regulares
4525;149;68;6230.18;0.2956447486268455;0.07949208530090623;Leales VIP / Crónicos
4526;415;30;2331.57;0.3285468589834317;0.09202811839232791;Frecuentes Regulares
4527;21;18;1560.9;0.27031199948747514;0.03489012749055032;Frecuentes Regulares
4528;54;9;290.19;0.3667597091560702;0.3259243943623144;Esporádicos Recientes
4529;521;4;651.85;0.05712970775485158;0.0;Esporádicos / Desertores
4530;49;7;248.07999999999998;0.3567800709448565;0.3009513060303128;Esporádicos Recientes
4531;158;5;407.90999999999997;0.1461106616655635;0.0;Esporádicos Recientes
4532;466;1;219.67;1.0;0.0;Cazadores de Ofertas
4533;280;5;486.02;0.0;0.08791819266696843;Esporádicos Recientes
4534;567;7;243.23999999999998;0.0;0.0;Esporádicos / Desertores
4535;65;8;337.01;0.0;0.06504258033886236;Esporádicos Recientes
4536;247;2;615.52;0.07821029373537822;0.0;Esporádicos Recientes
4537;167;2;230.47;0.0;0.026467653056796978;Esporádicos Recientes
4538;314;2;34.4;0.0;0.0;Esporádicos / Desertores
4539;535;19;1029.5;0.6197571636716852;0.09622146673142302;Cazadores de Ofertas
4540;47;35;1882.94;0.08012469860962113;0.10836776530319607;Frecuentes Regulares
4541;543;5;672.4799999999999;0.0;0.0;Esporádicos / Desertores
4542;52;6;239.7;0.26554025865665415;0.07476011681268253;Esporádicos Recientes
4543;144;5;125.42;0.11194386860149895;0.0;Esporádicos Recientes
4544;727;1;52.48;1.0;0.0;Cazadores de Ofertas
4545;89;6;217.53;0.2886958120718981;0.18130832528846594;Esporádicos Recientes
4546;7;6;436.14;0.0;0.07898839822075482;Esporádicos Recientes
4547;13;83;4891.49;0.35243453426256627;0.09130346785948658;Leales VIP / Crónicos
4548;199;3;641.0300000000001;0.0;0.0;Esporádicos Recientes
4549;246;3;135.22;0.0;0.0;Esporádicos Recientes
4550;388;2;92.22;0.0;0.6241596183040555;En Riesgo (Solo Medicamentos)
4551;52;3;165.22;0.0;0.18060767461566396;Esporádicos Recientes
4552;58;17;1183.03;0.4867839361639181;0.016694420259841254;Frecuentes Regulares
4553;61;5;226.07000000000002;0.0;0.5228026717388419;En Riesgo (Solo Medicamentos)
4554;248;1;100.11;0.0;0.0;Esporádicos Recientes
4555;304;9;607.45;0.5239278953000247;0.0367108403983867;Cazadores de Ofertas
4556;53;4;198.01;0.0;0.16983990707540023;Esporádicos Recientes
4557;686;7;217.78;0.35173110478464503;0.033198640830195615;Esporádicos / Desertores
4558;144;1;81.62;0.0;0.0;Esporádicos Recientes
4559;190;11;595.94;0.9129610363459408;0.2568379367050374;Cazadores de Ofertas
4560;379;1;131.26000000000002;1.0;0.0;Cazadores de Ofertas
4561;10;10;964.49;0.46278343995272114;0.08759033271469896;Esporádicos Recientes
4562;17;7;836.23;0.40796192435095613;0.0;Esporádicos Recientes
4563;201;6;308.45;0.36051223861241694;0.0;Esporádicos Recientes
4564;0;4;103.34;0.0;0.0;Esporádicos Recientes
4565;173;4;532.62;0.0;0.0;Esporádicos Recientes
4566;255;1;31.29;0.0;0.0;Esporádicos Recientes
4567;366;6;262.43;0.0981976146019891;0.2268414434325344;Esporádicos / Desertores
4568;163;2;83.44;0.529961649089166;0.4700383509108341;En Riesgo (Solo Medicamentos)
4569;84;30;1720.92;0.2769971875508449;0.03383655254166376;Frecuentes Regulares
4570;163;18;909.36;0.16165215096331487;0.07364520102049793;Esporádicos Recientes
4571;712;1;142.77999999999997;1.0;0.0;Cazadores de Ofertas
4573;4;28;2729.42;0.20949505755801598;0.04736903811066087;Frecuentes Regulares
4574;28;40;2945.41;0.22057370620728525;0.05228474134331044;Frecuentes Regulares
4576;714;1;77.1;0.0;0.0;Esporádicos / Desertores
4577;534;3;182.59;0.2212059806123008;0.0;Esporádicos / Desertores
4578;130;6;299.07;0.2894305680944261;0.22232253318621062;Esporádicos Recientes
4579;177;2;137.79000000000002;0.029392553886348784;0.029392553886348784;Esporádicos Recientes
4580;210;25;1464.8200000000002;0.4502942341038489;0.09750003413388675;Frecuentes Regulares
4581;129;8;384.52;0.0;0.1412670342244877;Esporádicos Recientes
4582;15;3;59.400000000000006;0.6035353535353536;0.31363636363636366;Esporádicos Recientes
4583;6;22;1391.32;0.16326222579995975;0.010551131299772878;Frecuentes Regulares
4584;529;1;28.6;0.0;0.0;Esporádicos / Desertores
4585;455;2;138.48;0.0;0.0;Esporádicos / Desertores
4586;2;4;322.09999999999997;0.7772120459484632;0.2458863706923316;Cazadores de Ofertas
4587;203;2;75.56;0.0;0.586156696664902;En Riesgo (Solo Medicamentos)
4588;128;5;227.25;0.13122112211221124;0.08594059405940595;Esporádicos Recientes
4589;97;5;392.0;0.6664795918367347;0.0;Cazadores de Ofertas
4590;4;25;1424.21;0.29949937158143813;0.06753217573251136;Frecuentes Regulares
4591;7;10;851.02;0.44588846325585774;0.06351202086907476;Esporádicos Recientes
4593;83;4;180.45;0.24001108340260463;0.22344139650872819;Esporádicos Recientes
4594;121;8;357.25;0.6185584324702589;0.11820853743876836;Cazadores de Ofertas
4595;3;66;4118.61;0.4546970944080649;0.05448197328710415;Leales VIP / Crónicos
4596;33;9;623.3399999999999;0.774120062887028;0.0;Cazadores de Ofertas
4597;583;5;218.69;0.37477708171384155;0.0;Esporádicos / Desertores
4598;115;3;240.68;1.0;0.4868705334884494;En Riesgo (Solo Medicamentos)
4599;30;3;140.41;1.0;0.11060465778790685;Cazadores de Ofertas
4600;709;2;101.96;0.0;0.10621812475480581;Esporádicos / Desertores
4602;251;9;489.81;0.2868050876870623;0.07386537637042935;Esporádicos Recientes
4603;81;28;1508.64;0.4242165128857779;0.010658606426980593;Frecuentes Regulares
4604;689;5;204.4;0.20097847358121332;0.0;Esporádicos / Desertores
4605;175;8;949.99;0.0;0.20677059758523775;Esporádicos Recientes
4606;99;16;1262.43;0.19944868230317722;0.1400473689630316;Esporádicos Recientes
4607;220;13;1218.31;0.0419351396606775;0.10499790693665817;Esporádicos Recientes
4608;419;6;477.47999999999996;0.803970846946469;0.005089218396582057;Cazadores de Ofertas
4609;550;2;472.90000000000003;0.0;0.07515330936773101;Esporádicos / Desertores
4610;203;2;95.57;0.8176205922360572;0.0;Cazadores de Ofertas
4612;152;12;1525.29;0.6938352706698399;0.03606527283336283;Cazadores de Ofertas
4613;521;5;325.32;0.09916390015984264;0.2085331366039592;Esporádicos / Desertores
4614;209;4;691.9;0.0;0.09981211157681746;Esporádicos Recientes
4615;14;38;3464.08;0.4973903604997576;0.007623957876261518;Frecuentes Regulares
4616;706;1;9.77;1.0;0.0;Cazadores de Ofertas
4617;43;39;2303.61;0.1767095992811283;0.12336723664161901;Frecuentes Regulares
4618;15;32;2472.79;0.16803286975440695;0.03511822678027653;Frecuentes Regulares
4619;407;34;2028.49;0.8291980734437931;0.11379400440721915;Cazadores de Ofertas
4620;514;4;365.40999999999997;0.1668810377384308;0.0;Esporádicos / Desertores
4621;191;4;341.05;0.31282803108048673;0.22533352880809263;Esporádicos Recientes
4622;80;6;265.32;0.6857756671189507;0.3188225538971808;Cazadores de Ofertas
4623;291;5;59.9;0.49766277128547587;0.24674457429048413;Cazadores de Ofertas
4624;3;89;6324.65;0.46479251816306044;0.03298522447882492;Leales VIP / Crónicos
4625;176;6;482.64;0.4253895242831095;0.071026023537212;Esporádicos Recientes
4626;10;2;387.15;0.0;0.0;Esporádicos Recientes
4627;7;63;5398.45;0.3148922375867147;0.0442201002139503;Leales VIP / Crónicos
4628;8;89;6003.37;0.45863073573676116;0.03353782958571602;Leales VIP / Crónicos
4629;38;13;736.17;0.4304033035847698;0.10970292187945721;Esporádicos Recientes
4630;455;1;252.54;0.0;0.0;Esporádicos / Desertores
4631;219;5;945.52;0.4487477789999154;0.0452449445807598;Esporádicos Recientes
4632;25;10;631.6;0.6425902469917669;0.0;Cazadores de Ofertas
4633;640;99;7091.22;0.3475636068264699;0.09577618519803363;Leales VIP / Crónicos
4634;260;6;265.39;0.0652624439504126;0.0;Esporádicos Recientes
4635;109;7;582.85;0.40495839409796686;0.09662863515484257;Esporádicos Recientes
4636;13;10;920.46;0.0;0.0378615040305934;Esporádicos Recientes
4637;403;3;233.91;0.0;0.04356376384079347;Esporádicos / Desertores
4638;70;5;334.84;0.11115756779357305;0.0;Esporádicos Recientes
4639;643;16;807.26;0.7032430691474865;0.2401456779724005;Cazadores de Ofertas
4641;437;4;1357.68;0.14876848741971596;0.01174061634553061;Esporádicos / Desertores
4642;202;6;326.51;0.4705215766745276;0.1954304615478852;Esporádicos Recientes
4643;6;8;469.59000000000003;0.0;0.0;Esporádicos Recientes
4644;27;28;1924.3100000000002;0.3491641159688407;0.01575629706232364;Frecuentes Regulares
4645;5;93;8975.76;0.25819206395892935;0.05015174202518784;Leales VIP / Crónicos
4646;56;7;223.29000000000002;0.608894263065968;0.45461059608580767;En Riesgo (Solo Medicamentos)
4647;526;3;308.98;1.0;0.0;Cazadores de Ofertas
4648;585;5;308.85;0.7410069613080783;0.0;Cazadores de Ofertas
4649;9;5;260.75;0.1137104506232023;0.6630488974113135;En Riesgo (Solo Medicamentos)
4650;40;2;106.11;0.0;0.19131090377909718;Esporádicos Recientes
4651;156;9;490.31;0.7151394016030674;0.0;Cazadores de Ofertas
4653;475;6;194.86;0.34434978959252793;0.12326798727291388;Esporádicos / Desertores
4654;108;74;4193.46;0.36712404553757516;0.0773871695449581;Leales VIP / Crónicos
4655;444;2;98.77;0.0;0.0;Esporádicos / Desertores
4656;65;19;1116.0900000000001;0.44109346020482215;0.08359540897239469;Frecuentes Regulares
4658;25;7;351.37;0.8479380709793095;0.3495745225830321;Cazadores de Ofertas
4659;519;6;786.19;0.09352701001030285;0.00786069525178392;Esporádicos / Desertores
4660;181;1;30.66;0.0;0.0;Esporádicos Recientes
4661;386;4;300.75;1.0;0.0;Cazadores de Ofertas
4662;7;5;671.94;0.3085245706461886;0.0;Esporádicos Recientes
4664;421;3;253.60000000000002;0.9569006309148265;0.0430993690851735;Cazadores de Ofertas
4665;287;2;159.09;0.0;0.0;Esporádicos Recientes
4666;387;2;98.57;0.0;0.0;Esporádicos / Desertores
4667;3;3;465.57000000000005;0.0;0.022424125265803205;Esporádicos Recientes
4668;4;16;691.73;0.015540745666661847;0.0;Esporádicos Recientes
4669;8;33;2566.95;0.09897738561327646;0.099873390599739;Frecuentes Regulares
4671;712;2;315.06999999999994;1.0;0.0;Cazadores de Ofertas
4672;4;17;1657.1899999999998;0.6093024939807747;0.018000349990043386;Frecuentes Regulares
4673;190;6;261.73;0.5063615175944676;0.04657471440033622;Esporádicos Recientes
4674;227;24;1203.1;0.8078713323913225;0.17212201811985703;Cazadores de Ofertas
4675;13;20;931.3;0.13504778266938688;0.21651454955438634;Esporádicos Recientes
4676;223;40;2708.0299999999997;0.3791243080763508;0.07009523528173617;Frecuentes Regulares
4677;379;7;373.31;0.21590635128981275;0.2133347619940532;Esporádicos / Desertores
4678;24;5;190.63;0.7225515396317475;0.0;Cazadores de Ofertas
4680;433;3;741.4699999999999;0.13002548990518836;0.0;Esporádicos / Desertores
4681;26;21;2023.1000000000001;0.5260639612475903;0.03405664574168356;Frecuentes Regulares
4682;232;8;449.24;0.1899875345027157;0.2718591398806874;Esporádicos Recientes
4683;682;1;24.160000000000004;1.0;1.0;En Riesgo (Solo Medicamentos)
4684;218;8;337.65;0.022034651266103957;0.2504368428846439;Esporádicos Recientes
4685;702;5;209.39999999999998;1.0;0.0;Cazadores de Ofertas
4686;19;31;1774.1;0.4866185671608139;0.08178794881911955;Frecuentes Regulares
4687;6;11;677.77;0.08048453015034598;0.04373164937958304;Esporádicos Recientes
4688;282;3;111.15;1.0;0.0;Cazadores de Ofertas
4689;60;17;1009.53;0.63496874783315;0.02258476716888057;Frecuentes Regulares
4690;342;8;888.48;1.0;0.0378061408247794;Cazadores de Ofertas
4691;536;1;48.35;1.0;0.0;Cazadores de Ofertas
4692;246;3;188.04;1.0;0.09689427781323122;Cazadores de Ofertas
4693;11;20;1110.3;0.3743853012699271;0.056110961001531116;Frecuentes Regulares
4694;41;5;286.14;0.0;0.0;Esporádicos Recientes
4695;304;2;181.45000000000002;0.0;0.17492422154863596;Esporádicos Recientes
4696;7;76;5485.91;0.36615985315107247;0.04018840994474937;Leales VIP / Crónicos
4697;201;5;492.47;0.6950271082502486;0.0;Cazadores de Ofertas
4698;560;3;187.70999999999998;0.0;0.300303659900911;Esporádicos / Desertores
4699;441;7;493.63;0.3400117496910642;0.08366590361201709;Esporádicos / Desertores
4700;333;41;5273.16;0.3881524550743767;0.018698465436284884;Leales VIP / Crónicos
4701;391;4;166.66;1.0;0.0;Cazadores de Ofertas
4702;424;4;44.48;0.6016187050359713;0.3221672661870504;Cazadores de Ofertas
4703;716;1;249.24;0.0;0.0;Esporádicos / Desertores
4704;528;2;89.38000000000001;1.0;0.0;Cazadores de Ofertas
4705;516;9;309.96;0.1093366886049813;0.0;Esporádicos / Desertores
4706;366;81;6262.400000000001;0.442423032703117;0.054980518650996416;Leales VIP / Crónicos
4707;141;4;333.68;0.0;0.45369815391992324;En Riesgo (Solo Medicamentos)
4708;324;8;939.11;0.4262546453557091;0.1778918337574938;Esporádicos / Desertores
4709;17;2;155.05;0.637278297323444;0.0;Cazadores de Ofertas
4710;207;5;174.23000000000002;0.4771279343396659;0.3067783963726109;Esporádicos Recientes
4711;67;8;215.04;0.21591331845238096;0.025716145833333336;Esporádicos Recientes
4712;221;3;90.26;0.20230445380013296;0.0;Esporádicos Recientes
4713;33;10;1144.74;0.5828048290441498;0.0981445568426018;Frecuentes Regulares
4714;332;7;330.33;0.7692307692307693;0.2794780976599158;Cazadores de Ofertas
4715;645;6;292.96999999999997;0.12967198006621838;0.15199508482097146;Esporádicos / Desertores
4717;36;19;1056.87;0.42829297832278335;0.07369875197517198;Frecuentes Regulares
4718;39;34;2542.69;0.2946289166198003;0.027923183714884628;Frecuentes Regulares
4719;375;9;171.41;0.8811621258969722;0.38095793710985354;Cazadores de Ofertas
4720;71;28;1500.38;0.14424345832389127;0.07556085791599461;Frecuentes Regulares
4721;100;27;1825.3500000000001;0.47108225819705807;0.04747582655381159;Frecuentes Regulares
4722;103;6;380.62;0.35670747727392144;0.0;Esporádicos Recientes
4723;634;67;4472.24;0.19479276604117848;0.10090916408779493;Leales VIP / Crónicos
4724;508;9;1040.28;0.06628023224516476;0.06181028184719498;Esporádicos / Desertores
4725;8;1;19.33;0.0;1.0;En Riesgo (Solo Medicamentos)
4726;389;2;116.97;0.0;0.0;Esporádicos / Desertores
4727;7;62;5547.7300000000005;0.20501898974896038;0.06515637927584796;Leales VIP / Crónicos
4728;640;3;330.95;0.0;0.132618220274966;Esporádicos / Desertores
4729;331;5;320.86;0.9074985975191672;0.02353051174967275;Cazadores de Ofertas
4730;418;2;90.81;0.10747715009360202;0.0;Esporádicos / Desertores
4731;519;1;99.36;0.0;0.0;Esporádicos / Desertores
4732;71;4;219.63;0.3908846696717206;0.2724582251969221;Esporádicos Recientes
4734;10;25;1784.09;0.127762612872669;0.06427366332415967;Frecuentes Regulares
4735;8;19;1117.45;0.1373215803839098;0.11956687100093964;Esporádicos Recientes
4736;269;5;586.76;0.39186379439634605;0.0;Esporádicos Recientes
4737;77;2;82.85;0.0;0.0;Esporádicos Recientes
4738;52;27;2367.13;0.2316898522683587;0.07592316433824926;Frecuentes Regulares
4739;179;5;121.75;0.4297330595482546;0.0;Esporádicos Recientes
4740;4;11;741.14;0.2193377769382303;0.0;Esporádicos Recientes
4741;9;5;278.11;0.249829204271691;0.06357196792636007;Esporádicos Recientes
4742;12;25;2045.25;0.5511746730228578;0.09487837672656155;Frecuentes Regulares
4743;538;2;186.55;1.0;0.0;Cazadores de Ofertas
4744;153;81;6216.76;0.2603993076779544;0.05573482006704457;Leales VIP / Crónicos
4745;233;6;386.39;0.12042237117937836;0.0;Esporádicos Recientes
4746;93;22;1703.07;0.355581391252268;0.1647965145296435;Frecuentes Regulares
4747;38;9;476.87;0.7712793843185775;0.3742319709774152;Cazadores de Ofertas
4748;164;2;118.69999999999999;0.6864363942712721;0.0;Cazadores de Ofertas
4749;51;4;78.35;0.3470325462667518;0.05220165922144225;Esporádicos Recientes
4750;35;22;1154.17;0.26075014945805214;0.14211078090749193;Frecuentes Regulares
4751;648;4;357.57;0.7919008865396985;0.0;Cazadores de Ofertas
4752;458;1;48.48;0.0;0.0;Esporádicos / Desertores
4753;130;22;1602.75;0.22063328653876152;0.20099204492278894;Frecuentes Regulares
4754;295;12;1466.82;0.176715616094681;0.013532676129313755;Esporádicos Recientes
4755;5;2;73.00999999999999;0.0;0.0;Esporádicos Recientes
4756;12;22;1504.8899999999999;0.2455129610802119;0.14470160609745564;Frecuentes Regulares
4757;317;6;454.15999999999997;0.24839263695613883;0.08673154835300335;Esporádicos / Desertores
4758;475;86;5005.11;0.24920331421287445;0.08625185060867793;Leales VIP / Crónicos
4760;636;8;268.17;0.09986202781817503;0.3684603050303912;Esporádicos / Desertores
4761;556;23;2315.83;0.4523734471010393;0.12090265693077645;Esporádicos / Desertores
4762;43;5;316.03000000000003;1.0;0.10438882384583742;Cazadores de Ofertas
4764;3;33;2478.77;0.16439605126736245;0.036953811769547;Frecuentes Regulares
4765;89;7;554.26;0.39488687619528745;0.0;Esporádicos Recientes
4766;233;6;552.14;0.0;0.02899626906219437;Esporádicos Recientes
4767;686;9;529.84;0.5307640042276914;0.03935150234032916;Esporádicos / Desertores
4768;173;29;2045.53;0.2947744594310521;0.10906708774742976;Frecuentes Regulares
4769;259;5;382.71000000000004;0.4341407331922343;0.0;Esporádicos Recientes
4770;171;6;333.72;0.0;0.08054656598345918;Esporádicos Recientes
4771;375;14;841.25;0.22140861812778603;0.03737295690936107;Esporádicos / Desertores
4772;9;19;1337.31;0.35774053884290113;0.16195945592271052;Frecuentes Regulares
4773;190;1;66.21000000000001;0.0;0.0;Esporádicos Recientes
4776;78;2;236.64;0.0;0.0;Esporádicos Recientes
4777;156;5;274.63;0.051633106361286096;0.051633106361286096;Esporádicos Recientes
4778;705;1;122.14;0.0;1.0;En Riesgo (Solo Medicamentos)
4779;127;18;1576.06;0.01805768815908024;0.1210867606563202;Esporádicos Recientes
4780;48;20;1467.23;0.36213817874498205;0.03486160997253328;Frecuentes Regulares
4781;164;4;206.09;0.6694647969333786;0.0;Cazadores de Ofertas
4782;20;5;214.24;0.09662061239731141;0.09662061239731141;Esporádicos Recientes
4783;542;3;135.10999999999999;0.0;0.0;Esporádicos / Desertores
4784;56;5;139.16;0.517102615694165;0.0;Esporádicos Recientes
4785;27;3;75.50999999999999;1.0;0.0;Cazadores de Ofertas
4787;304;1;505.6;0.0;0.0;Esporádicos / Desertores
4788;22;6;669.77;0.0;0.18860205742269734;Esporádicos Recientes
4789;15;16;588.66;0.5975095980701934;0.13044881595488056;Frecuentes Regulares
4790;144;2;122.64;0.0;0.0;Esporádicos Recientes
4791;18;20;1506.93;0.08561777919345956;0.11914952917521053;Frecuentes Regulares
4792;2;13;921.9399999999999;0.00747337136906957;0.06585027225199036;Esporádicos Recientes
4793;226;4;187.37;0.6458878155521162;0.0;Cazadores de Ofertas
4794;3;38;2720.22;0.129474821889406;0.120387321613693;Frecuentes Regulares
4795;162;18;1482.4299999999998;0.2576580344434476;0.27243107600358873;Frecuentes Regulares
4796;400;23;986.7;0.47722712070538154;0.036231884057971016;Esporádicos / Desertores
4797;725;1;163.28;1.0;0.0;Cazadores de Ofertas
4798;0;3;122.22999999999999;0.0;0.08721263192342306;Esporádicos Recientes
4800;665;4;169.67000000000002;0.0;0.6257440914716803;En Riesgo (Solo Medicamentos)
4801;3;25;2179.17;0.11615890453704851;0.041602995635953134;Frecuentes Regulares
4802;242;7;761.62;0.0;0.013878312019117146;Esporádicos Recientes
4803;544;3;302.61;0.324576187171607;0.0;Esporádicos / Desertores
4804;3;26;2343.58;0.08849708565527953;0.008900912279504007;Frecuentes Regulares
4805;280;3;106.9;0.5581852198316183;0.2639850327408793;Cazadores de Ofertas
4806;233;6;712.28;0.23482338406244738;0.0;Esporádicos Recientes
4807;156;8;559.74;0.5440025726230036;0.005448958444992318;Cazadores de Ofertas
4808;120;1;79.72;1.0;0.0;Cazadores de Ofertas
4809;449;3;93.71;0.0;0.05879842065948138;Esporádicos / Desertores
4810;382;4;88.17;1.0;0.02733356016785755;Cazadores de Ofertas
4811;311;4;208.37;0.408984018812689;0.23194317800067188;Esporádicos Recientes
4812;519;2;291.35;1.0;0.029758022996396086;Cazadores de Ofertas
4813;479;2;62.53;0.5202302894610586;0.5202302894610586;En Riesgo (Solo Medicamentos)
4814;177;4;340.33;0.0;0.0;Esporádicos Recientes
4815;22;4;425.81;0.0;0.0;Esporádicos Recientes
4816;7;73;6123.86;0.31886751166747773;0.07446773766872529;Leales VIP / Crónicos
4817;25;4;166.56;0.3826248799231508;0.0;Esporádicos Recientes
4818;0;67;5388.88;0.17501781446237435;0.1004290316355161;Leales VIP / Crónicos
4819;9;29;2392.12;0.18398742537999768;0.16204872665250908;Frecuentes Regulares
4820;383;3;117.51;0.9721725810569314;0.0;Cazadores de Ofertas
4821;300;3;18.47;1.0;0.44558743909041687;Cazadores de Ofertas
4822;109;4;154.24;0.36508039419087135;0.0;Esporádicos Recientes
4823;59;29;1786.6599999999999;0.529770633472513;0.11254519606416442;Frecuentes Regulares
4824;77;6;153.73;0.0;0.28602094581408966;Esporádicos Recientes
4825;509;7;832.76;0.46592055334069843;0.0;Esporádicos / Desertores
4826;333;7;371.71;0.20970649161981111;0.0;Esporádicos / Desertores
4827;149;5;291.78;0.0;0.0;Esporádicos Recientes
4829;541;4;392.25;0.0;0.14123645634161885;Esporádicos / Desertores
4830;158;8;816.27;0.003466990089063668;0.028287208889215584;Esporádicos Recientes
4831;69;7;319.55;0.4906900328587076;0.17843842904083868;Esporádicos Recientes
4832;12;16;1985.45;0.14883275831675438;0.0;Frecuentes Regulares
4833;1;5;221.14;0.40042507009134487;0.2194989599348829;Esporádicos Recientes
4834;7;24;1976.0600000000002;0.5372812566420048;0.12244061415139215;Frecuentes Regulares
4835;269;27;2455.46;0.40363516408330824;0.032417551090223415;Frecuentes Regulares
4836;206;8;565.9499999999999;0.17830197013870486;0.078063433165474;Esporádicos Recientes
4837;566;27;2352.44;0.3588104266208702;0.007103262995017939;Esporádicos / Desertores
4838;1;32;1741.67;0.32860989739732555;0.08522854501713872;Frecuentes Regulares
4839;2;6;240.20999999999998;0.24953165979767705;0.17917655384871572;Esporádicos Recientes
4840;64;20;1217.94;0.39371397605793385;0.042120301492684364;Frecuentes Regulares
4841;530;2;395.29;1.0;0.22957828429760427;Cazadores de Ofertas
4842;9;80;6197.61;0.4857485385495377;0.05696873472193313;Leales VIP / Crónicos
4843;361;3;565.32;0.26820208023774145;0.26820208023774145;Esporádicos / Desertores
4844;537;4;454.36999999999995;0.26328762902480357;0.0;Esporádicos / Desertores
4845;144;6;269.58;0.5479264040359076;0.0;Cazadores de Ofertas
4847;499;3;337.96;0.0;0.0;Esporádicos / Desertores
4849;163;8;1000.81;0.019694047821264778;0.003067515312596797;Esporádicos Recientes
4850;11;6;912.85;0.2634386810538424;0.0;Esporádicos Recientes
4851;172;7;636.3;0.06710671067106712;0.15709570957095711;Esporádicos Recientes
4852;343;3;148.44;0.0;0.0;Esporádicos / Desertores
4853;370;3;426.01;0.0;0.13591230252810968;Esporádicos / Desertores
4854;532;2;65.16;0.5168815224063843;0.0;Esporádicos / Desertores
4855;33;7;455.02;0.6402136169838689;0.0;Cazadores de Ofertas
4856;184;4;472.57000000000005;0.8034153670355714;0.06253041877393825;Cazadores de Ofertas
4857;229;6;415.64;0.11384852276008083;0.0;Esporádicos Recientes
4858;274;10;520.1;0.6426840992116901;0.025937319746202652;Cazadores de Ofertas
4859;351;1;613.8299999999999;1.0;0.0;Cazadores de Ofertas
4861;139;9;427.21;0.7598370824652981;0.013365791999250956;Cazadores de Ofertas
4862;15;9;516.63;0.045177399686429365;0.1936782610378801;Esporádicos Recientes
4864;19;41;3280.95;0.2050442707142748;0.044331672229079994;Frecuentes Regulares
4865;4;4;635.28;0.14078831381438106;0.12484258909457248;Esporádicos Recientes
4866;283;41;2584.23;0.3863665385820922;0.08419916183930996;Frecuentes Regulares
4867;119;4;564.96;0.07908524497309544;0.01239025771736052;Esporádicos Recientes
4868;375;6;303.53;0.4949428392580635;0.0;Cazadores de Ofertas
4869;263;4;272.78000000000003;0.0;0.0;Esporádicos Recientes
4870;29;10;367.2;0.29866557734204796;0.3971132897603486;Esporádicos Recientes
4871;17;4;701.33;0.0;0.0946772560706087;Esporádicos Recientes
4872;47;5;315.01;0.7431192660550459;0.1728516555029999;Cazadores de Ofertas
4873;138;17;986.33;0.5165309784757637;0.027769610576581873;Frecuentes Regulares
4874;19;12;659.37;0.3187891472162822;0.0;Esporádicos Recientes
4875;662;1;4.12;0.0;1.0;En Riesgo (Solo Medicamentos)
4876;36;7;432.22999999999996;0.10936307058741876;0.06385489207135091;Esporádicos Recientes
4877;193;6;234.51;0.6741716771139823;0.3258283228860177;Cazadores de Ofertas
4878;94;11;980.3699999999999;0.40821322561889894;0.19587502677560514;Esporádicos Recientes
4879;529;2;52.59;0.527857007035558;0.527857007035558;En Riesgo (Solo Medicamentos)
4880;304;7;516.61;0.3251776001238846;0.0;Esporádicos Recientes
4881;11;7;455.25;0.7698627127951675;0.06673256452498627;Cazadores de Ofertas
4882;331;3;181.32999999999998;0.4875641096343683;0.0;Cazadores de Ofertas
4883;4;59;3467.63;0.11453067368779253;0.11914477611509877;Frecuentes Regulares
4885;397;9;508.35;0.0489623291039638;0.0;Esporádicos / Desertores
4886;11;6;294.31;0.09248751316638917;0.1459005810200129;Esporádicos Recientes
4887;725;2;71.55000000000001;1.0;0.0;Cazadores de Ofertas
4888;104;4;319.08;1.0;0.0;Cazadores de Ofertas
4889;164;83;6439.96;0.44743600891931;0.07917285200529196;Leales VIP / Crónicos
4890;49;4;147.09;0.38656604799782446;0.3266027602148344;Esporádicos Recientes
4891;37;7;766.85;0.2702353784964465;0.046110712655669295;Esporádicos Recientes
4892;164;4;220.51999999999998;0.390168692182115;0.0;Esporádicos Recientes
4893;69;35;2415.33;0.27789577407642024;0.015741120260999535;Frecuentes Regulares
4894;441;22;1415.18;0.06859904747099309;0.06965191707061999;Esporádicos / Desertores
4895;132;4;841.09;0.0;0.00995137262361935;Esporádicos Recientes
4896;58;25;2673.08;0.5276385293369447;0.0595679889864875;Frecuentes Regulares
4897;127;4;218.44;0.49217176341329427;0.0;Esporádicos Recientes
4898;555;1;24.85;0.0;0.0;Esporádicos / Desertores
4899;623;76;6290.3099999999995;0.43257963439003805;0.04482926914571778;Leales VIP / Crónicos
4900;167;5;171.1;0.09035651665692578;0.5356516656925775;En Riesgo (Solo Medicamentos)
4901;73;1;74.67;0.0;0.0;Esporádicos Recientes
4902;31;6;571.4;0.5295064753237663;0.02492124606230312;Esporádicos Recientes
4903;2;8;846.22;0.010907329063364137;0.007184892817470634;Esporádicos Recientes
4904;4;22;1133.5;0.12504631671812969;0.041076312307013675;Frecuentes Regulares
4905;23;17;2398.72;0.13132420624332977;0.011435265474919958;Frecuentes Regulares
4906;28;11;1620.0;0.40892592592592597;0.033697530864197536;Frecuentes Regulares
4907;15;1;102.84;0.0;0.0;Esporádicos Recientes
4908;153;5;393.65999999999997;0.0;0.0;Esporádicos Recientes
4909;508;3;286.47;0.8565643871958669;0.0;Cazadores de Ofertas
4910;12;7;672.8000000000001;0.0;0.06428359096313911;Esporádicos Recientes
4911;84;6;856.79;0.934044514992005;0.04758458898913387;Cazadores de Ofertas
4912;353;5;447.38;1.0;0.0;Cazadores de Ofertas
4913;417;6;352.48;0.0;0.016284611892873353;Esporádicos / Desertores
4914;474;1;59.83;1.0;0.0;Cazadores de Ofertas
4915;9;9;390.01;0.18604651162790697;0.10581779954360146;Esporádicos Recientes
4917;685;29;1928.15;0.6161657547389985;0.06666493789383605;Esporádicos / Desertores
4918;500;3;337.90000000000003;0.0;0.0;Esporádicos / Desertores
4919;631;1;120.9;0.0;0.0;Esporádicos / Desertores
4920;384;3;355.87000000000006;0.8276336864585382;0.0;Cazadores de Ofertas
4921;32;26;2043.39;0.30290350838557495;0.021043462089958352;Frecuentes Regulares
4922;22;28;1815.75;0.4200413052457662;0.04398733305796503;Frecuentes Regulares
4923;369;6;455.65999999999997;0.2477285695474696;0.0;Esporádicos / Desertores
4924;3;69;5409.4400000000005;0.18467715697003756;0.06727313733029666;Leales VIP / Crónicos
4925;513;5;153.2;0.21781984334203655;0.0;Esporádicos / Desertores
4926;358;4;116.18;1.0;0.0;Cazadores de Ofertas
4927;664;8;496.41999999999996;0.3431771483824181;0.08829217195117038;Esporádicos / Desertores
4928;671;5;359.09000000000003;0.3194742265170291;0.1968030298810883;Esporádicos / Desertores
4929;16;23;2080.36;0.33566786517718084;0.0;Frecuentes Regulares
4930;65;2;62.0;0.0;0.0;Esporádicos Recientes
4932;411;4;274.85;0.6762597780607604;0.34946334364198656;Cazadores de Ofertas
4933;105;4;218.77;0.7927503771083787;0.0;Cazadores de Ofertas
4934;0;1;25.18;0.0;0.0;Esporádicos Recientes
4935;0;22;2605.47;0.5084840738906992;0.010754297689092564;Frecuentes Regulares
4936;266;8;743.09;0.0;0.0;Esporádicos Recientes
4937;706;2;132.48;1.0;0.0;Cazadores de Ofertas
4938;383;3;93.49;0.696010268477912;0.03176810354048562;Cazadores de Ofertas
4939;11;77;4990.04;0.24055117794646935;0.0691297063750992;Leales VIP / Crónicos
4940;404;3;72.92999999999999;1.0;0.0;Cazadores de Ofertas
4941;105;2;55.059999999999995;0.854522339266255;0.14547766073374502;Cazadores de Ofertas
4942;35;1;129.41;0.0;0.0;Esporádicos Recientes
4943;45;5;175.34;0.46167446104710846;0.0;Esporádicos Recientes
4944;28;3;517.61;0.0;0.0;Esporádicos Recientes
4945;307;6;301.17999999999995;0.8813998273457734;0.0578723686831795;Cazadores de Ofertas
4946;221;4;133.31;0.0;0.0;Esporádicos Recientes
4947;320;4;130.81;0.0;0.5183854445378794;En Riesgo (Solo Medicamentos)
4948;60;10;744.51;0.4567567930585216;0.10785617385931687;Esporádicos Recientes
4950;555;2;15.719999999999999;0.0;0.18829516539440205;Esporádicos / Desertores
4951;585;4;463.65;0.59484524964952;0.0;Esporádicos / Desertores
4952;205;5;652.02;0.0;0.15637557130149385;Esporádicos Recientes
4953;645;1;9.4;1.0;0.0;Cazadores de Ofertas
4954;367;4;225.27;0.06769654192746481;0.0;Esporádicos / Desertores
4955;470;2;29.71;0.0;0.0;Esporádicos / Desertores
4956;518;7;574.11;0.11466443712877322;0.005486753409625333;Esporádicos / Desertores
4957;0;89;7106.15;0.2580483102664593;0.06924002448583269;Leales VIP / Crónicos
4959;457;8;1064.63;0.27955252059400915;0.03790049125048139;Esporádicos / Desertores
4960;387;4;212.35;0.08608429479632683;0.0;Esporádicos / Desertores
4961;7;7;548.46;0.15337490427743136;0.11729205411515879;Esporádicos Recientes
4962;651;3;190.0;0.0;0.5213157894736842;En Riesgo (Solo Medicamentos)
4963;1;3;256.21000000000004;0.10120604191873851;0.0;Esporádicos Recientes
4964;722;3;177.38;0.0;0.15988273762543692;Esporádicos / Desertores
4965;410;1;8.81;1.0;0.0;Cazadores de Ofertas
4966;464;4;591.1300000000001;0.7506470657892511;0.0;Cazadores de Ofertas
4967;458;2;258.56;0.050355816831683164;0.050355816831683164;Esporádicos / Desertores
4969;0;60;3592.05;0.5192995643156415;0.08648821703484083;Frecuentes Regulares
4970;16;123;7044.89;0.2323826205945018;0.09202272853089259;Leales VIP / Crónicos
4971;41;26;2352.98;0.47394792985915735;0.08725531028738026;Frecuentes Regulares
4972;296;2;197.45;0.8097746264877184;0.0;Cazadores de Ofertas
4973;1;4;25.48;0.10164835164835166;0.0;Esporádicos Recientes
4974;376;4;224.34;0.0;0.06690737273780868;Esporádicos / Desertores
4975;206;9;304.83;0.07666568251156382;0.019387855526030905;Esporádicos Recientes
4976;6;25;1942.11;0.25241103747985444;0.027156031326752865;Frecuentes Regulares
4977;360;32;1930.23;0.4991943965226942;0.04493764991736736;Frecuentes Regulares
4978;511;9;354.53;0.5918540038924773;0.09756579132936566;Cazadores de Ofertas
4979;588;4;226.63;0.5433084763711776;0.19304593390107225;Esporádicos / Desertores
4980;300;4;129.69;0.1362479759426324;0.4498419307579613;En Riesgo (Solo Medicamentos)
4981;527;3;91.7;1.0;0.0;Cazadores de Ofertas
4982;178;10;534.91;0.17896468564805296;0.18522742143538165;Esporádicos Recientes
4984;625;52;3436.7;0.418864026537085;0.05692088340559258;Frecuentes Regulares
4985;286;5;304.31;0.8979658900463343;0.0278005980743321;Cazadores de Ofertas
4986;71;8;440.25;0.1622260079500284;0.21951164111300397;Esporádicos Recientes
4987;330;3;136.68;0.0;0.0;Esporádicos / Desertores
4988;377;2;66.43;0.6021375884389583;0.0;Cazadores de Ofertas
4989;169;3;270.15999999999997;0.0;0.0;Esporádicos Recientes
4990;79;4;101.71;1.0;0.0;Cazadores de Ofertas
4991;205;1;69.0;0.0;0.0;Esporádicos Recientes
4992;6;21;1110.78;0.4167161814220638;0.10624065971659553;Frecuentes Regulares
4993;214;7;509.01;0.31158523408184513;0.08940885247834031;Esporádicos Recientes
4994;19;7;684.54;0.2694948432524031;0.18876910041779882;Esporádicos Recientes
4995;220;1;148.78;0.0;0.0;Esporádicos Recientes
4996;514;1;11.15;0.0;1.0;En Riesgo (Solo Medicamentos)
4998;2;4;321.76;0.8195549477871708;0.0;Cazadores de Ofertas
4999;164;3;99.31;0.0;0.0;Esporádicos Recientes
5000;3;7;283.45;0.10873169871229493;0.10873169871229493;Esporádicos Recientes
